Index,NOC,Year,Season,Host,CompetitorID
0,AFG,1936,Summer,0,4
1,AFG,1948,Summer,0,2
2,AFG,1956,Summer,0,1
3,AFG,1960,Summer,0,13
4,AFG,1964,Summer,0,8
5,AFG,1968,Summer,0,5
6,AFG,1972,Summer,0,8
7,AFG,1980,Summer,0,11
8,AFG,1988,Summer,0,5
9,AFG,1996,Summer,0,2
10,AFG,2004,Summer,0,5
11,AFG,2008,Summer,0,4
12,AFG,2012,Summer,0,6
13,AFG,2016,Summer,0,3
14,AHO,1952,Summer,0,1
15,AHO,1960,Summer,0,5
16,AHO,1964,Summer,0,4
17,AHO,1968,Summer,0,5
18,AHO,1972,Summer,0,2
19,AHO,1976,Summer,0,4
20,AHO,1984,Summer,0,13
21,AHO,1988,Summer,0,4
22,AHO,1988,Winter,0,2
23,AHO,1992,Summer,0,4
24,AHO,1992,Winter,0,1
25,AHO,1996,Summer,0,7
26,AHO,2000,Summer,0,8
27,AHO,2004,Summer,0,3
28,AHO,2008,Summer,0,4
29,ALB,1972,Summer,0,5
30,ALB,1992,Summer,0,9
31,ALB,1996,Summer,0,9
32,ALB,2000,Summer,0,5
33,ALB,2004,Summer,0,7
34,ALB,2006,Winter,0,3
35,ALB,2008,Summer,0,12
36,ALB,2010,Winter,0,2
37,ALB,2012,Summer,0,10
38,ALB,2014,Winter,0,2
39,ALB,2016,Summer,0,6
40,ALG,1964,Summer,0,7
41,ALG,1968,Summer,0,9
42,ALG,1972,Summer,0,7
43,ALG,1980,Summer,0,34
44,ALG,1984,Summer,0,19
45,ALG,1988,Summer,0,32
46,ALG,1992,Summer,0,27
47,ALG,1992,Winter,0,8
48,ALG,1996,Summer,0,32
49,ALG,2000,Summer,0,47
50,ALG,2004,Summer,0,67
51,ALG,2006,Winter,0,3
52,ALG,2008,Summer,0,48
53,ALG,2010,Winter,0,1
54,ALG,2012,Summer,0,29
55,ALG,2016,Summer,0,57
56,AND,1976,Summer,0,3
57,AND,1976,Winter,0,11
58,AND,1980,Summer,0,2
59,AND,1980,Winter,0,9
60,AND,1984,Summer,0,2
61,AND,1984,Winter,0,6
62,AND,1988,Summer,0,4
63,AND,1988,Winter,0,9
64,AND,1992,Summer,0,7
65,AND,1992,Winter,0,14
66,AND,1994,Winter,0,13
67,AND,1996,Summer,0,7
68,AND,1998,Winter,0,7
69,AND,2000,Summer,0,5
70,AND,2002,Winter,0,5
71,AND,2004,Summer,0,6
72,AND,2006,Winter,0,10
73,AND,2008,Summer,0,5
74,AND,2010,Winter,0,20
75,AND,2012,Summer,0,6
76,AND,2014,Winter,0,12
77,AND,2016,Summer,0,4
78,ANG,1980,Summer,0,14
79,ANG,1988,Summer,0,33
80,ANG,1992,Summer,0,32
81,ANG,1996,Summer,0,18
82,ANG,2000,Summer,0,18
83,ANG,2004,Summer,0,16
84,ANG,2008,Summer,0,19
85,ANG,2012,Summer,0,21
86,ANG,2016,Summer,0,11
87,ANT,1976,Summer,0,11
88,ANT,1984,Summer,0,18
89,ANT,1988,Summer,0,19
90,ANT,1992,Summer,0,17
91,ANT,1996,Summer,0,9
92,ANT,2000,Summer,0,4
93,ANT,2004,Summer,0,5
94,ANT,2008,Summer,0,5
95,ANT,2012,Summer,0,4
96,ANT,2016,Summer,0,6
97,ANZ,1908,Summer,0,31
98,ANZ,1912,Summer,0,35
99,ARG,1900,Summer,0,1
100,ARG,1908,Summer,0,1
101,ARG,1920,Summer,0,1
102,ARG,1924,Summer,0,83
103,ARG,1928,Summer,0,65
104,ARG,1928,Winter,0,1
105,ARG,1932,Summer,0,41
106,ARG,1936,Summer,0,53
107,ARG,1948,Summer,0,224
108,ARG,1948,Winter,0,16
109,ARG,1952,Summer,0,137
110,ARG,1952,Winter,0,18
111,ARG,1956,Summer,0,39
112,ARG,1960,Summer,0,78
113,ARG,1960,Winter,0,14
114,ARG,1964,Summer,0,104
115,ARG,1964,Winter,0,15
116,ARG,1968,Summer,0,87
117,ARG,1968,Winter,0,12
118,ARG,1972,Summer,0,92
119,ARG,1972,Winter,0,6
120,ARG,1976,Summer,0,66
121,ARG,1976,Winter,0,16
122,ARG,1980,Winter,0,23
123,ARG,1984,Summer,0,90
124,ARG,1984,Winter,0,34
125,ARG,1988,Summer,0,67
126,ARG,1988,Winter,0,45
127,ARG,1992,Summer,0,84
128,ARG,1992,Winter,0,46
129,ARG,1994,Winter,0,20
130,ARG,1996,Summer,0,135
131,ARG,1998,Winter,0,6
132,ARG,2000,Summer,0,108
133,ARG,2002,Winter,0,26
134,ARG,2004,Summer,0,112
135,ARG,2006,Winter,0,17
136,ARG,2008,Summer,0,92
137,ARG,2010,Winter,0,20
138,ARG,2012,Summer,0,87
139,ARG,2014,Winter,0,20
140,ARG,2016,Summer,0,110
141,ARM,1994,Winter,0,1
142,ARM,1996,Summer,0,38
143,ARM,1998,Winter,0,7
144,ARM,2000,Summer,0,26
145,ARM,2002,Winter,0,16
146,ARM,2004,Summer,0,19
147,ARM,2006,Winter,0,8
148,ARM,2008,Summer,0,26
149,ARM,2010,Winter,0,6
150,ARM,2012,Summer,0,31
151,ARM,2014,Winter,0,6
152,ARM,2016,Summer,0,34
153,ARU,1988,Summer,0,12
154,ARU,1992,Summer,0,5
155,ARU,1996,Summer,0,3
156,ARU,2000,Summer,0,5
157,ARU,2004,Summer,0,4
158,ARU,2008,Summer,0,2
159,ARU,2012,Summer,0,4
160,ARU,2016,Summer,0,7
161,ASA,1988,Summer,0,6
162,ASA,1992,Summer,0,3
163,ASA,1994,Winter,0,1
164,ASA,1996,Summer,0,6
165,ASA,2000,Summer,0,4
166,ASA,2004,Summer,0,3
167,ASA,2008,Summer,0,4
168,ASA,2012,Summer,0,4
169,ASA,2016,Summer,0,4
170,AUS,1896,Summer,0,5
171,AUS,1900,Summer,0,6
172,AUS,1904,Summer,0,6
173,AUS,1906,Summer,0,10
174,AUS,1920,Summer,0,25
175,AUS,1924,Summer,0,55
176,AUS,1924,Winter,0,1
177,AUS,1928,Summer,0,29
178,AUS,1932,Summer,0,20
179,AUS,1936,Summer,0,39
180,AUS,1936,Winter,0,3
181,AUS,1948,Summer,0,77
182,AUS,1952,Summer,0,106
183,AUS,1952,Winter,0,19
184,AUS,1956,Summer,1,316
185,AUS,1956,Winter,1,17
186,AUS,1960,Summer,0,201
187,AUS,1960,Winter,0,22
188,AUS,1964,Summer,0,291
189,AUS,1964,Winter,0,14
190,AUS,1968,Summer,0,171
191,AUS,1968,Winter,0,7
192,AUS,1972,Summer,0,195
193,AUS,1972,Winter,0,12
194,AUS,1976,Summer,0,209
195,AUS,1976,Winter,0,19
196,AUS,1980,Summer,0,152
197,AUS,1980,Winter,0,19
198,AUS,1984,Summer,0,243
199,AUS,1984,Winter,0,20
200,AUS,1988,Summer,0,241
201,AUS,1988,Winter,0,30
202,AUS,1992,Summer,0,267
203,AUS,1992,Winter,0,37
204,AUS,1994,Winter,0,40
205,AUS,1996,Summer,0,382
206,AUS,1998,Winter,0,27
207,AUS,2000,Summer,1,489
208,AUS,2002,Winter,0,38
209,AUS,2004,Summer,0,377
210,AUS,2006,Winter,0,40
211,AUS,2008,Summer,0,381
212,AUS,2010,Winter,0,43
213,AUS,2012,Summer,0,350
214,AUS,2014,Winter,0,78
215,AUS,2016,Summer,0,340
216,AUT,1896,Summer,0,8
217,AUT,1900,Summer,0,26
218,AUT,1904,Summer,0,7
219,AUT,1906,Summer,0,90
220,AUT,1908,Summer,0,12
221,AUT,1912,Summer,0,87
222,AUT,1924,Summer,0,47
223,AUT,1924,Winter,0,4
224,AUT,1928,Summer,0,91
225,AUT,1928,Winter,0,28
226,AUT,1932,Summer,0,33
227,AUT,1932,Winter,0,11
228,AUT,1936,Summer,0,272
229,AUT,1936,Winter,0,48
230,AUT,1948,Summer,0,182
231,AUT,1948,Winter,0,67
232,AUT,1952,Summer,0,170
233,AUT,1952,Winter,0,61
234,AUT,1956,Summer,0,45
235,AUT,1956,Winter,0,58
236,AUT,1960,Summer,0,161
237,AUT,1960,Winter,0,42
238,AUT,1964,Summer,1,69
239,AUT,1964,Winter,1,84
240,AUT,1968,Summer,0,49
241,AUT,1968,Winter,0,76
242,AUT,1972,Summer,0,109
243,AUT,1972,Winter,0,52
244,AUT,1976,Summer,1,61
245,AUT,1976,Winter,1,79
246,AUT,1980,Summer,0,70
247,AUT,1980,Winter,0,50
248,AUT,1984,Summer,0,101
249,AUT,1984,Winter,0,68
250,AUT,1988,Summer,0,83
251,AUT,1988,Winter,0,107
252,AUT,1992,Summer,0,98
253,AUT,1992,Winter,0,99
254,AUT,1994,Winter,0,89
255,AUT,1996,Summer,0,77
256,AUT,1998,Winter,0,113
257,AUT,2000,Summer,0,90
258,AUT,2002,Winter,0,109
259,AUT,2004,Summer,0,77
260,AUT,2006,Winter,0,110
261,AUT,2008,Summer,0,77
262,AUT,2010,Winter,0,114
263,AUT,2012,Summer,0,77
264,AUT,2014,Winter,0,160
265,AUT,2016,Summer,0,74
266,AZE,1996,Summer,0,24
267,AZE,1998,Winter,0,4
268,AZE,2000,Summer,0,32
269,AZE,2002,Winter,0,4
270,AZE,2004,Summer,0,37
271,AZE,2006,Winter,0,2
272,AZE,2008,Summer,0,44
273,AZE,2010,Winter,0,4
274,AZE,2012,Summer,0,58
275,AZE,2014,Winter,0,4
276,AZE,2016,Summer,0,69
277,BAH,1952,Summer,0,6
278,BAH,1956,Summer,0,4
279,BAH,1960,Summer,0,12
280,BAH,1964,Summer,0,11
281,BAH,1968,Summer,0,18
282,BAH,1972,Summer,0,21
283,BAH,1976,Summer,0,16
284,BAH,1984,Summer,0,27
285,BAH,1988,Summer,0,17
286,BAH,1992,Summer,0,16
287,BAH,1996,Summer,0,22
288,BAH,2000,Summer,0,27
289,BAH,2004,Summer,0,20
290,BAH,2008,Summer,0,27
291,BAH,2012,Summer,0,23
292,BAH,2016,Summer,0,31
293,BAN,1984,Summer,0,2
294,BAN,1988,Summer,0,8
295,BAN,1992,Summer,0,6
296,BAN,1996,Summer,0,4
297,BAN,2000,Summer,0,6
298,BAN,2004,Summer,0,4
299,BAN,2008,Summer,0,5
300,BAN,2012,Summer,0,7
301,BAN,2016,Summer,0,7
302,BAR,1968,Summer,0,13
303,BAR,1972,Summer,0,17
304,BAR,1976,Summer,0,11
305,BAR,1984,Summer,0,19
306,BAR,1988,Summer,0,22
307,BAR,1992,Summer,0,19
308,BAR,1996,Summer,0,22
309,BAR,2000,Summer,0,22
310,BAR,2004,Summer,0,15
311,BAR,2008,Summer,0,10
312,BAR,2012,Summer,0,8
313,BAR,2016,Summer,0,13
314,BDI,1996,Summer,0,7
315,BDI,2000,Summer,0,6
316,BDI,2004,Summer,0,7
317,BDI,2008,Summer,0,3
318,BDI,2012,Summer,0,6
319,BDI,2016,Summer,0,10
320,BEL,1900,Summer,0,74
321,BEL,1906,Summer,0,28
322,BEL,1908,Summer,0,76
323,BEL,1912,Summer,0,46
324,BEL,1920,Summer,1,278
325,BEL,1924,Summer,0,165
326,BEL,1924,Winter,0,19
327,BEL,1928,Summer,0,179
328,BEL,1928,Winter,0,5
329,BEL,1932,Summer,0,65
330,BEL,1932,Winter,0,2
331,BEL,1936,Summer,0,154
332,BEL,1936,Winter,0,18
333,BEL,1948,Summer,0,126
334,BEL,1948,Winter,0,13
335,BEL,1952,Summer,0,130
336,BEL,1952,Winter,0,12
337,BEL,1956,Summer,0,55
338,BEL,1956,Winter,0,5
339,BEL,1960,Summer,0,103
340,BEL,1964,Summer,0,43
341,BEL,1964,Winter,0,6
342,BEL,1968,Summer,0,73
343,BEL,1972,Summer,0,77
344,BEL,1972,Winter,0,3
345,BEL,1976,Summer,0,110
346,BEL,1976,Winter,0,11
347,BEL,1980,Summer,0,67
348,BEL,1980,Winter,0,6
349,BEL,1984,Summer,0,75
350,BEL,1984,Winter,0,9
351,BEL,1988,Summer,0,84
352,BEL,1988,Winter,0,1
353,BEL,1992,Summer,0,90
354,BEL,1992,Winter,0,4
355,BEL,1994,Winter,0,8
356,BEL,1996,Summer,0,75
357,BEL,1998,Winter,0,3
358,BEL,2000,Summer,0,80
359,BEL,2002,Winter,0,10
360,BEL,2004,Summer,0,58
361,BEL,2006,Winter,0,8
362,BEL,2008,Summer,0,70
363,BEL,2010,Winter,0,9
364,BEL,2012,Summer,0,90
365,BEL,2014,Winter,0,10
366,BEL,2016,Summer,0,107
367,BEN,1972,Summer,0,3
368,BEN,1980,Summer,0,17
369,BEN,1984,Summer,0,3
370,BEN,1988,Summer,0,7
371,BEN,1992,Summer,0,7
372,BEN,1996,Summer,0,4
373,BEN,2000,Summer,0,4
374,BEN,2004,Summer,0,4
375,BEN,2008,Summer,0,5
376,BEN,2012,Summer,0,5
377,BEN,2016,Summer,0,6
378,BER,1936,Summer,0,6
379,BER,1948,Summer,0,22
380,BER,1952,Summer,0,12
381,BER,1956,Summer,0,3
382,BER,1960,Summer,0,8
383,BER,1964,Summer,0,4
384,BER,1968,Summer,0,6
385,BER,1972,Summer,0,9
386,BER,1976,Summer,0,16
387,BER,1984,Summer,0,13
388,BER,1988,Summer,0,14
389,BER,1992,Summer,0,24
390,BER,1992,Winter,0,1
391,BER,1994,Winter,0,1
392,BER,1996,Summer,0,9
393,BER,1998,Winter,0,1
394,BER,2000,Summer,0,6
395,BER,2002,Winter,0,1
396,BER,2004,Summer,0,9
397,BER,2006,Winter,0,1
398,BER,2008,Summer,0,6
399,BER,2010,Winter,0,1
400,BER,2012,Summer,0,8
401,BER,2014,Winter,0,1
402,BER,2016,Summer,0,8
403,BHU,1984,Summer,0,6
404,BHU,1988,Summer,0,4
405,BHU,1992,Summer,0,8
406,BHU,1996,Summer,0,2
407,BHU,2000,Summer,0,2
408,BHU,2004,Summer,0,2
409,BHU,2008,Summer,0,2
410,BHU,2012,Summer,0,2
411,BHU,2016,Summer,0,2
412,BIH,1992,Summer,0,13
413,BIH,1994,Winter,0,8
414,BIH,1996,Summer,0,12
415,BIH,1998,Winter,0,8
416,BIH,2000,Summer,0,11
417,BIH,2002,Winter,0,4
418,BIH,2004,Summer,0,11
419,BIH,2006,Winter,0,9
420,BIH,2008,Summer,0,7
421,BIH,2010,Winter,0,10
422,BIH,2012,Summer,0,8
423,BIH,2014,Winter,0,14
424,BIH,2016,Summer,0,11
425,BIZ,1968,Summer,0,7
426,BIZ,1972,Summer,0,2
427,BIZ,1976,Summer,0,4
428,BIZ,1984,Summer,0,10
429,BIZ,1988,Summer,0,10
430,BIZ,1992,Summer,0,12
431,BIZ,1996,Summer,0,5
432,BIZ,2000,Summer,0,2
433,BIZ,2004,Summer,0,2
434,BIZ,2008,Summer,0,4
435,BIZ,2012,Summer,0,3
436,BIZ,2016,Summer,0,3
437,BLR,1994,Winter,0,62
438,BLR,1996,Summer,0,236
439,BLR,1998,Winter,0,73
440,BLR,2000,Summer,0,201
441,BLR,2002,Winter,0,88
442,BLR,2004,Summer,0,172
443,BLR,2006,Winter,0,61
444,BLR,2008,Summer,0,207
445,BLR,2010,Winter,0,63
446,BLR,2012,Summer,0,145
447,BLR,2014,Winter,0,60
448,BLR,2016,Summer,0,134
449,BOH,1900,Summer,0,9
450,BOH,1906,Summer,0,28
451,BOH,1908,Summer,0,33
452,BOH,1912,Summer,0,58
453,BOL,1936,Summer,0,2
454,BOL,1956,Winter,0,2
455,BOL,1964,Summer,0,1
456,BOL,1968,Summer,0,4
457,BOL,1972,Summer,0,14
458,BOL,1976,Summer,0,5
459,BOL,1980,Winter,0,8
460,BOL,1984,Summer,0,13
461,BOL,1984,Winter,0,5
462,BOL,1988,Summer,0,12
463,BOL,1988,Winter,0,8
464,BOL,1992,Summer,0,18
465,BOL,1992,Winter,0,8
466,BOL,1996,Summer,0,9
467,BOL,2000,Summer,0,5
468,BOL,2004,Summer,0,11
469,BOL,2008,Summer,0,7
470,BOL,2012,Summer,0,5
471,BOL,2016,Summer,0,12
472,BOT,1980,Summer,0,8
473,BOT,1984,Summer,0,8
474,BOT,1988,Summer,0,8
475,BOT,1992,Summer,0,6
476,BOT,1996,Summer,0,4
477,BOT,2000,Summer,0,5
478,BOT,2004,Summer,0,8
479,BOT,2008,Summer,0,11
480,BOT,2012,Summer,0,4
481,BOT,2016,Summer,0,11
482,BRA,1900,Summer,0,3
483,BRA,1920,Summer,0,19
484,BRA,1924,Summer,0,18
485,BRA,1932,Summer,0,53
486,BRA,1936,Summer,0,81
487,BRA,1948,Summer,0,82
488,BRA,1952,Summer,0,88
489,BRA,1956,Summer,0,51
490,BRA,1960,Summer,0,52
491,BRA,1964,Summer,0,30
492,BRA,1968,Summer,0,44
493,BRA,1972,Summer,0,64
494,BRA,1976,Summer,0,60
495,BRA,1980,Summer,0,104
496,BRA,1984,Summer,0,118
497,BRA,1988,Summer,0,159
498,BRA,1992,Summer,0,167
499,BRA,1992,Winter,0,16
500,BRA,1994,Winter,0,1
501,BRA,1996,Summer,0,154
502,BRA,1998,Winter,0,1
503,BRA,2000,Summer,0,137
504,BRA,2002,Winter,0,7
505,BRA,2004,Summer,0,203
506,BRA,2006,Winter,0,9
507,BRA,2008,Summer,0,210
508,BRA,2010,Winter,0,7
509,BRA,2012,Summer,0,199
510,BRA,2014,Winter,0,13
511,BRA,2016,Summer,1,344
512,BRN,1984,Summer,0,12
513,BRN,1988,Summer,0,11
514,BRN,1992,Summer,0,12
515,BRN,1996,Summer,0,5
516,BRN,2000,Summer,0,4
517,BRN,2004,Summer,0,10
518,BRN,2008,Summer,0,15
519,BRN,2012,Summer,0,14
520,BRN,2016,Summer,0,33
521,BRU,1996,Summer,0,1
522,BRU,2000,Summer,0,2
523,BRU,2004,Summer,0,1
524,BRU,2012,Summer,0,3
525,BRU,2016,Summer,0,3
526,BUL,1924,Summer,0,18
527,BUL,1928,Summer,0,8
528,BUL,1932,Summer,0,2
529,BUL,1936,Summer,0,71
530,BUL,1936,Winter,0,8
531,BUL,1948,Winter,0,9
532,BUL,1952,Summer,0,140
533,BUL,1952,Winter,0,16
534,BUL,1956,Summer,0,67
535,BUL,1956,Winter,0,15
536,BUL,1960,Summer,0,151
537,BUL,1960,Winter,0,15
538,BUL,1964,Summer,0,100
539,BUL,1964,Winter,0,17
540,BUL,1968,Summer,0,149
541,BUL,1968,Winter,0,14
542,BUL,1972,Summer,0,174
543,BUL,1972,Winter,0,12
544,BUL,1976,Summer,0,211
545,BUL,1976,Winter,0,22
546,BUL,1980,Summer,0,301
547,BUL,1980,Winter,0,16
548,BUL,1984,Winter,0,30
549,BUL,1988,Summer,0,233
550,BUL,1988,Winter,0,39
551,BUL,1992,Summer,0,209
552,BUL,1992,Winter,0,57
553,BUL,1994,Winter,0,33
554,BUL,1996,Summer,0,150
555,BUL,1998,Winter,0,31
556,BUL,2000,Summer,0,135
557,BUL,2002,Winter,0,47
558,BUL,2004,Summer,0,112
559,BUL,2006,Winter,0,41
560,BUL,2008,Summer,0,74
561,BUL,2010,Winter,0,38
562,BUL,2012,Summer,0,64
563,BUL,2014,Winter,0,43
564,BUL,2016,Summer,0,57
565,BUR,1972,Summer,0,1
566,BUR,1988,Summer,0,9
567,BUR,1992,Summer,0,4
568,BUR,1996,Summer,0,5
569,BUR,2000,Summer,0,4
570,BUR,2004,Summer,0,5
571,BUR,2008,Summer,0,6
572,BUR,2012,Summer,0,5
573,BUR,2016,Summer,0,5
574,CAF,1968,Summer,0,1
575,CAF,1984,Summer,0,3
576,CAF,1988,Summer,0,15
577,CAF,1992,Summer,0,18
578,CAF,1996,Summer,0,5
579,CAF,2000,Summer,0,3
580,CAF,2004,Summer,0,4
581,CAF,2008,Summer,0,3
582,CAF,2012,Summer,0,6
583,CAF,2016,Summer,0,6
584,CAM,1956,Summer,0,2
585,CAM,1964,Summer,0,11
586,CAM,1972,Summer,0,14
587,CAM,1996,Summer,0,5
588,CAM,2000,Summer,0,4
589,CAM,2004,Summer,0,4
590,CAM,2008,Summer,0,4
591,CAM,2012,Summer,0,6
592,CAM,2016,Summer,0,6
593,CAN,1900,Summer,0,7
594,CAN,1904,Summer,0,26
595,CAN,1906,Summer,0,4
596,CAN,1908,Summer,0,117
597,CAN,1912,Summer,0,54
598,CAN,1920,Summer,0,63
599,CAN,1924,Summer,0,69
600,CAN,1924,Winter,0,9
601,CAN,1928,Summer,0,96
602,CAN,1928,Winter,0,20
603,CAN,1932,Summer,0,163
604,CAN,1932,Winter,0,40
605,CAN,1936,Summer,0,131
606,CAN,1936,Winter,0,29
607,CAN,1948,Summer,0,151
608,CAN,1948,Winter,0,36
609,CAN,1952,Summer,0,129
610,CAN,1952,Winter,0,45
611,CAN,1956,Summer,0,126
612,CAN,1956,Winter,0,36
613,CAN,1960,Summer,0,114
614,CAN,1960,Winter,0,59
615,CAN,1964,Summer,0,159
616,CAN,1964,Winter,0,67
617,CAN,1968,Summer,0,238
618,CAN,1968,Winter,0,82
619,CAN,1972,Summer,0,269
620,CAN,1972,Winter,0,73
621,CAN,1976,Summer,1,370
622,CAN,1976,Winter,1,90
623,CAN,1980,Winter,0,58
624,CAN,1984,Summer,0,405
625,CAN,1984,Winter,0,68
626,CAN,1988,Summer,1,372
627,CAN,1988,Winter,1,144
628,CAN,1992,Summer,0,341
629,CAN,1992,Winter,0,132
630,CAN,1994,Winter,0,109
631,CAN,1996,Summer,0,307
632,CAN,1998,Winter,0,144
633,CAN,2000,Summer,0,301
634,CAN,2002,Winter,0,154
635,CAN,2004,Summer,0,269
636,CAN,2006,Winter,0,219
637,CAN,2008,Summer,0,299
638,CAN,2010,Winter,1,222
639,CAN,2012,Summer,0,276
640,CAN,2014,Winter,0,252
641,CAN,2016,Summer,0,284
642,CAY,1976,Summer,0,1
643,CAY,1984,Summer,0,10
644,CAY,1988,Summer,0,9
645,CAY,1992,Summer,0,9
646,CAY,1996,Summer,0,8
647,CAY,2000,Summer,0,4
648,CAY,2004,Summer,0,8
649,CAY,2008,Summer,0,6
650,CAY,2010,Winter,0,1
651,CAY,2012,Summer,0,7
652,CAY,2014,Winter,0,2
653,CAY,2016,Summer,0,5
654,CGO,1964,Summer,0,2
655,CGO,1972,Summer,0,5
656,CGO,1980,Summer,0,9
657,CGO,1984,Summer,0,10
658,CGO,1988,Summer,0,7
659,CGO,1992,Summer,0,7
660,CGO,1996,Summer,0,5
661,CGO,2000,Summer,0,5
662,CGO,2004,Summer,0,5
663,CGO,2008,Summer,0,5
664,CGO,2012,Summer,0,7
665,CGO,2016,Summer,0,10
666,CHA,1964,Summer,0,2
667,CHA,1968,Summer,0,4
668,CHA,1972,Summer,0,5
669,CHA,1984,Summer,0,3
670,CHA,1988,Summer,0,6
671,CHA,1992,Summer,0,7
672,CHA,1996,Summer,0,4
673,CHA,2000,Summer,0,3
674,CHA,2004,Summer,0,1
675,CHA,2008,Summer,0,2
676,CHA,2012,Summer,0,2
677,CHA,2016,Summer,0,2
678,CHI,1912,Summer,0,25
679,CHI,1920,Summer,0,2
680,CHI,1924,Summer,0,17
681,CHI,1928,Summer,0,28
682,CHI,1936,Summer,0,45
683,CHI,1948,Summer,0,56
684,CHI,1948,Winter,0,11
685,CHI,1952,Summer,0,61
686,CHI,1952,Winter,0,7
687,CHI,1956,Summer,0,41
688,CHI,1956,Winter,0,7
689,CHI,1960,Summer,0,9
690,CHI,1960,Winter,0,12
691,CHI,1964,Summer,0,16
692,CHI,1964,Winter,0,11
693,CHI,1968,Summer,0,23
694,CHI,1968,Winter,0,11
695,CHI,1972,Summer,0,11
696,CHI,1976,Summer,0,9
697,CHI,1976,Winter,0,11
698,CHI,1984,Summer,0,43
699,CHI,1984,Winter,0,12
700,CHI,1988,Summer,0,20
701,CHI,1988,Winter,0,16
702,CHI,1992,Summer,0,14
703,CHI,1992,Winter,0,12
704,CHI,1994,Winter,0,7
705,CHI,1996,Summer,0,18
706,CHI,1998,Winter,0,6
707,CHI,2000,Summer,0,33
708,CHI,2002,Winter,0,11
709,CHI,2004,Summer,0,26
710,CHI,2006,Winter,0,15
711,CHI,2008,Summer,0,28
712,CHI,2010,Winter,0,10
713,CHI,2012,Summer,0,40
714,CHI,2014,Winter,0,14
715,CHI,2016,Summer,0,43
716,CHN,1932,Summer,0,2
717,CHN,1936,Summer,0,52
718,CHN,1948,Summer,0,23
719,CHN,1952,Summer,0,1
720,CHN,1980,Winter,0,35
721,CHN,1984,Summer,0,232
722,CHN,1984,Winter,0,61
723,CHN,1988,Summer,0,320
724,CHN,1988,Winter,0,15
725,CHN,1992,Summer,0,314
726,CHN,1992,Winter,0,66
727,CHN,1994,Winter,0,34
728,CHN,1996,Summer,0,321
729,CHN,1998,Winter,0,60
730,CHN,2000,Summer,0,292
731,CHN,2002,Winter,0,80
732,CHN,2004,Summer,0,367
733,CHN,2006,Winter,0,124
734,CHN,2008,Summer,1,444
735,CHN,2010,Winter,0,98
736,CHN,2012,Summer,0,342
737,CHN,2014,Winter,0,94
738,CHN,2016,Summer,0,360
739,CIV,1964,Summer,0,10
740,CIV,1968,Summer,0,7
741,CIV,1972,Summer,0,8
742,CIV,1976,Summer,0,8
743,CIV,1984,Summer,0,14
744,CIV,1988,Summer,0,10
745,CIV,1992,Summer,0,11
746,CIV,1996,Summer,0,9
747,CIV,2000,Summer,0,12
748,CIV,2004,Summer,0,5
749,CIV,2008,Summer,0,7
750,CIV,2012,Summer,0,10
751,CIV,2016,Summer,0,15
752,CMR,1964,Summer,0,2
753,CMR,1968,Summer,0,5
754,CMR,1972,Summer,0,15
755,CMR,1976,Summer,0,1
756,CMR,1980,Summer,0,26
757,CMR,1984,Summer,0,36
758,CMR,1988,Summer,0,21
759,CMR,1992,Summer,0,9
760,CMR,1996,Summer,0,13
761,CMR,2000,Summer,0,16
762,CMR,2002,Winter,0,2
763,CMR,2004,Summer,0,16
764,CMR,2008,Summer,0,16
765,CMR,2012,Summer,0,16
766,CMR,2016,Summer,0,13
767,COD,1968,Summer,0,5
768,COD,1984,Summer,0,9
769,COD,1988,Summer,0,18
770,COD,1992,Summer,0,16
771,COD,1996,Summer,0,14
772,COD,2000,Summer,0,3
773,COD,2004,Summer,0,5
774,COD,2008,Summer,0,5
775,COD,2012,Summer,0,4
776,COD,2016,Summer,0,4
777,COK,1988,Summer,0,8
778,COK,1992,Summer,0,2
779,COK,1996,Summer,0,3
780,COK,2000,Summer,0,2
781,COK,2004,Summer,0,3
782,COK,2008,Summer,0,4
783,COK,2012,Summer,0,9
784,COK,2016,Summer,0,9
785,COL,1900,Summer,0,1
786,COL,1932,Summer,0,2
787,COL,1936,Summer,0,6
788,COL,1948,Summer,0,11
789,COL,1956,Summer,0,32
790,COL,1960,Summer,0,20
791,COL,1964,Summer,0,30
792,COL,1968,Summer,0,45
793,COL,1972,Summer,0,56
794,COL,1976,Summer,0,37
795,COL,1980,Summer,0,12
796,COL,1984,Summer,0,48
797,COL,1988,Summer,0,44
798,COL,1992,Summer,0,38
799,COL,1996,Summer,0,56
800,COL,2000,Summer,0,49
801,COL,2004,Summer,0,67
802,COL,2008,Summer,0,84
803,COL,2010,Winter,0,2
804,COL,2012,Summer,0,95
805,COL,2016,Summer,0,109
806,COM,1996,Summer,0,4
807,COM,2000,Summer,0,2
808,COM,2004,Summer,0,3
809,COM,2008,Summer,0,3
810,COM,2012,Summer,0,3
811,COM,2016,Summer,0,4
812,CPV,1996,Summer,0,3
813,CPV,2000,Summer,0,2
814,CPV,2004,Summer,0,3
815,CPV,2008,Summer,0,2
816,CPV,2012,Summer,0,3
817,CPV,2016,Summer,0,5
818,CRC,1936,Summer,0,1
819,CRC,1964,Summer,0,2
820,CRC,1968,Summer,0,24
821,CRC,1972,Summer,0,4
822,CRC,1976,Summer,0,10
823,CRC,1980,Summer,0,22
824,CRC,1980,Winter,0,3
825,CRC,1984,Summer,0,16
826,CRC,1984,Winter,0,7
827,CRC,1988,Summer,0,27
828,CRC,1988,Winter,0,5
829,CRC,1992,Summer,0,20
830,CRC,1992,Winter,0,6
831,CRC,1996,Summer,0,13
832,CRC,2000,Summer,0,9
833,CRC,2002,Winter,0,2
834,CRC,2004,Summer,0,8
835,CRC,2006,Winter,0,1
836,CRC,2008,Summer,0,8
837,CRC,2012,Summer,0,11
838,CRC,2016,Summer,0,11
839,CRO,1992,Summer,0,39
840,CRO,1992,Winter,0,8
841,CRO,1994,Winter,0,11
842,CRO,1996,Summer,0,72
843,CRO,1998,Winter,0,13
844,CRO,2000,Summer,0,69
845,CRO,2002,Winter,0,26
846,CRO,2004,Summer,0,64
847,CRO,2006,Winter,0,41
848,CRO,2008,Summer,0,90
849,CRO,2010,Winter,0,33
850,CRO,2012,Summer,0,75
851,CRO,2014,Winter,0,25
852,CRO,2016,Summer,0,66
853,CRT,1906,Summer,0,11
854,CUB,1900,Summer,0,2
855,CUB,1904,Summer,0,5
856,CUB,1924,Summer,0,8
857,CUB,1928,Summer,0,1
858,CUB,1932,Summer,0,3
859,CUB,1948,Summer,0,98
860,CUB,1952,Summer,0,53
861,CUB,1956,Summer,0,16
862,CUB,1960,Summer,0,20
863,CUB,1964,Summer,0,67
864,CUB,1968,Summer,0,182
865,CUB,1972,Summer,0,133
866,CUB,1976,Summer,0,128
867,CUB,1980,Summer,0,184
868,CUB,1992,Summer,0,121
869,CUB,1996,Summer,0,120
870,CUB,2000,Summer,0,183
871,CUB,2004,Summer,0,133
872,CUB,2008,Summer,0,125
873,CUB,2012,Summer,0,108
874,CUB,2016,Summer,0,121
875,CYP,1980,Summer,0,13
876,CYP,1980,Winter,0,6
877,CYP,1984,Summer,0,12
878,CYP,1984,Winter,0,10
879,CYP,1988,Summer,0,10
880,CYP,1988,Winter,0,8
881,CYP,1992,Summer,0,18
882,CYP,1992,Winter,0,11
883,CYP,1994,Winter,0,1
884,CYP,1996,Summer,0,20
885,CYP,1998,Winter,0,1
886,CYP,2000,Summer,0,21
887,CYP,2002,Winter,0,2
888,CYP,2004,Summer,0,21
889,CYP,2006,Winter,0,2
890,CYP,2008,Summer,0,18
891,CYP,2010,Winter,0,4
892,CYP,2012,Summer,0,13
893,CYP,2014,Winter,0,2
894,CYP,2016,Summer,0,21
895,CZE,1994,Winter,0,73
896,CZE,1996,Summer,0,142
897,CZE,1998,Winter,0,75
898,CZE,2000,Summer,0,125
899,CZE,2002,Winter,0,118
900,CZE,2004,Summer,0,152
901,CZE,2006,Winter,0,120
902,CZE,2008,Summer,0,144
903,CZE,2010,Winter,0,124
904,CZE,2012,Summer,0,134
905,CZE,2014,Winter,0,125
906,CZE,2016,Summer,0,117
907,DEN,1896,Summer,0,15
908,DEN,1900,Summer,0,30
909,DEN,1906,Summer,0,36
910,DEN,1908,Summer,0,55
911,DEN,1912,Summer,0,117
912,DEN,1920,Summer,0,137
913,DEN,1924,Summer,0,131
914,DEN,1928,Summer,0,97
915,DEN,1932,Summer,0,83
916,DEN,1936,Summer,0,124
917,DEN,1948,Summer,0,182
918,DEN,1948,Winter,0,2
919,DEN,1952,Summer,0,154
920,DEN,1952,Winter,0,1
921,DEN,1956,Summer,0,38
922,DEN,1960,Summer,0,65
923,DEN,1960,Winter,0,3
924,DEN,1964,Summer,0,54
925,DEN,1964,Winter,0,5
926,DEN,1968,Summer,0,77
927,DEN,1968,Winter,0,6
928,DEN,1972,Summer,0,100
929,DEN,1976,Summer,0,59
930,DEN,1980,Summer,0,42
931,DEN,1984,Summer,0,49
932,DEN,1988,Summer,0,95
933,DEN,1988,Winter,0,1
934,DEN,1992,Summer,0,98
935,DEN,1992,Winter,0,13
936,DEN,1994,Winter,0,9
937,DEN,1996,Summer,0,85
938,DEN,1998,Winter,0,19
939,DEN,2000,Summer,0,79
940,DEN,2002,Winter,0,11
941,DEN,2004,Summer,0,77
942,DEN,2006,Winter,0,4
943,DEN,2008,Summer,0,76
944,DEN,2010,Winter,0,23
945,DEN,2012,Summer,0,91
946,DEN,2014,Winter,0,15
947,DEN,2016,Summer,0,88
948,DJI,1984,Summer,0,3
949,DJI,1988,Summer,0,6
950,DJI,1992,Summer,0,8
951,DJI,1996,Summer,0,5
952,DJI,2000,Summer,0,2
953,DJI,2008,Summer,0,2
954,DJI,2012,Summer,0,4
955,DJI,2016,Summer,0,8
956,DMA,1996,Summer,0,6
957,DMA,2000,Summer,0,4
958,DMA,2004,Summer,0,2
959,DMA,2008,Summer,0,2
960,DMA,2012,Summer,0,2
961,DMA,2014,Winter,0,1
962,DMA,2016,Summer,0,2
963,DOM,1964,Summer,0,1
964,DOM,1968,Summer,0,18
965,DOM,1972,Summer,0,5
966,DOM,1976,Summer,0,11
967,DOM,1980,Summer,0,7
968,DOM,1984,Summer,0,24
969,DOM,1988,Summer,0,17
970,DOM,1992,Summer,0,13
971,DOM,1996,Summer,0,16
972,DOM,2000,Summer,0,13
973,DOM,2004,Summer,0,22
974,DOM,2008,Summer,0,22
975,DOM,2012,Summer,0,22
976,DOM,2016,Summer,0,24
977,ECU,1924,Summer,0,4
978,ECU,1968,Summer,0,38
979,ECU,1972,Summer,0,4
980,ECU,1976,Summer,0,8
981,ECU,1980,Summer,0,13
982,ECU,1984,Summer,0,15
983,ECU,1988,Summer,0,15
984,ECU,1992,Summer,0,15
985,ECU,1996,Summer,0,21
986,ECU,2000,Summer,0,11
987,ECU,2004,Summer,0,18
988,ECU,2008,Summer,0,26
989,ECU,2012,Summer,0,36
990,ECU,2016,Summer,0,40
991,EGY,1906,Summer,0,5
992,EGY,1920,Summer,0,12
993,EGY,1924,Summer,0,19
994,EGY,1928,Summer,0,20
995,EGY,1936,Summer,0,46
996,EGY,1948,Summer,0,127
997,EGY,1952,Summer,0,148
998,EGY,1956,Summer,0,4
999,EGY,1964,Summer,0,49
1000,EGY,1968,Summer,0,22
1001,EGY,1972,Summer,0,26
1002,EGY,1976,Summer,0,15
1003,EGY,1984,Summer,0,106
1004,EGY,1984,Winter,0,3
1005,EGY,1988,Summer,0,54
1006,EGY,1992,Summer,0,37
1007,EGY,1996,Summer,0,18
1008,EGY,2000,Summer,0,73
1009,EGY,2004,Summer,0,57
1010,EGY,2008,Summer,0,78
1011,EGY,2012,Summer,0,102
1012,EGY,2016,Summer,0,100
1013,ERI,2000,Summer,0,3
1014,ERI,2004,Summer,0,5
1015,ERI,2008,Summer,0,11
1016,ERI,2012,Summer,0,12
1017,ERI,2016,Summer,0,12
1018,ESA,1932,Summer,0,4
1019,ESA,1968,Summer,0,74
1020,ESA,1972,Summer,0,15
1021,ESA,1984,Summer,0,15
1022,ESA,1988,Summer,0,7
1023,ESA,1992,Summer,0,6
1024,ESA,1996,Summer,0,10
1025,ESA,2000,Summer,0,10
1026,ESA,2004,Summer,0,9
1027,ESA,2008,Summer,0,14
1028,ESA,2012,Summer,0,11
1029,ESA,2016,Summer,0,10
1030,ESP,1900,Summer,0,7
1031,ESP,1920,Summer,0,45
1032,ESP,1924,Summer,0,89
1033,ESP,1928,Summer,0,52
1034,ESP,1932,Summer,0,8
1035,ESP,1936,Winter,0,6
1036,ESP,1948,Summer,0,55
1037,ESP,1948,Winter,0,12
1038,ESP,1952,Summer,0,27
1039,ESP,1952,Winter,0,11
1040,ESP,1956,Summer,0,8
1041,ESP,1956,Winter,0,14
1042,ESP,1960,Summer,0,191
1043,ESP,1960,Winter,0,12
1044,ESP,1964,Summer,0,43
1045,ESP,1964,Winter,0,12
1046,ESP,1968,Summer,0,77
1047,ESP,1968,Winter,0,18
1048,ESP,1972,Summer,0,102
1049,ESP,1972,Winter,0,7
1050,ESP,1976,Summer,0,107
1051,ESP,1976,Winter,0,11
1052,ESP,1980,Summer,0,134
1053,ESP,1980,Winter,0,15
1054,ESP,1984,Summer,0,189
1055,ESP,1984,Winter,0,25
1056,ESP,1988,Summer,0,226
1057,ESP,1988,Winter,0,29
1058,ESP,1992,Summer,1,342
1059,ESP,1992,Winter,1,42
1060,ESP,1994,Winter,0,33
1061,ESP,1996,Summer,0,259
1062,ESP,1998,Winter,0,21
1063,ESP,2000,Summer,0,293
1064,ESP,2002,Winter,0,16
1065,ESP,2004,Summer,0,295
1066,ESP,2006,Winter,0,28
1067,ESP,2008,Summer,0,264
1068,ESP,2010,Winter,0,35
1069,ESP,2012,Summer,0,222
1070,ESP,2014,Winter,0,39
1071,ESP,2016,Summer,0,236
1072,EST,1920,Summer,0,20
1073,EST,1924,Summer,0,37
1074,EST,1928,Summer,0,23
1075,EST,1928,Winter,0,6
1076,EST,1932,Summer,0,3
1077,EST,1936,Summer,0,36
1078,EST,1936,Winter,0,9
1079,EST,1992,Summer,0,39
1080,EST,1992,Winter,0,41
1081,EST,1994,Winter,0,53
1082,EST,1996,Summer,0,46
1083,EST,1998,Winter,0,39
1084,EST,2000,Summer,0,37
1085,EST,2002,Winter,0,45
1086,EST,2004,Summer,0,44
1087,EST,2006,Winter,0,52
1088,EST,2008,Summer,0,51
1089,EST,2010,Winter,0,53
1090,EST,2012,Summer,0,36
1091,EST,2014,Winter,0,53
1092,EST,2016,Summer,0,46
1093,ETH,1956,Summer,0,21
1094,ETH,1960,Summer,0,12
1095,ETH,1964,Summer,0,16
1096,ETH,1968,Summer,0,23
1097,ETH,1972,Summer,0,31
1098,ETH,1980,Summer,0,42
1099,ETH,1992,Summer,0,21
1100,ETH,1996,Summer,0,19
1101,ETH,2000,Summer,0,27
1102,ETH,2004,Summer,0,27
1103,ETH,2006,Winter,0,1
1104,ETH,2008,Summer,0,29
1105,ETH,2010,Winter,0,1
1106,ETH,2012,Summer,0,34
1107,ETH,2016,Summer,0,38
1108,EUN,1992,Summer,0,473
1109,EUN,1992,Winter,0,161
1110,FIJ,1956,Summer,0,5
1111,FIJ,1960,Summer,0,3
1112,FIJ,1968,Summer,0,1
1113,FIJ,1972,Summer,0,4
1114,FIJ,1976,Summer,0,5
1115,FIJ,1984,Summer,0,26
1116,FIJ,1988,Summer,0,41
1117,FIJ,1988,Winter,0,1
1118,FIJ,1992,Summer,0,36
1119,FIJ,1994,Winter,0,1
1120,FIJ,1996,Summer,0,15
1121,FIJ,2000,Summer,0,9
1122,FIJ,2002,Winter,0,2
1123,FIJ,2004,Summer,0,9
1124,FIJ,2008,Summer,0,6
1125,FIJ,2012,Summer,0,9
1126,FIJ,2016,Summer,0,14
1127,FIN,1906,Summer,0,18
1128,FIN,1908,Summer,0,64
1129,FIN,1912,Summer,0,170
1130,FIN,1920,Summer,0,99
1131,FIN,1924,Summer,0,209
1132,FIN,1924,Winter,0,33
1133,FIN,1928,Summer,0,125
1134,FIN,1928,Winter,0,27
1135,FIN,1932,Summer,0,62
1136,FIN,1932,Winter,0,12
1137,FIN,1936,Summer,0,163
1138,FIN,1936,Winter,0,33
1139,FIN,1948,Summer,0,184
1140,FIN,1948,Winter,0,42
1141,FIN,1952,Summer,1,327
1142,FIN,1952,Winter,1,54
1143,FIN,1956,Summer,0,124
1144,FIN,1956,Winter,0,47
1145,FIN,1960,Summer,0,180
1146,FIN,1960,Winter,0,53
1147,FIN,1964,Summer,0,135
1148,FIN,1964,Winter,0,67
1149,FIN,1968,Summer,0,112
1150,FIN,1968,Winter,0,71
1151,FIN,1972,Summer,0,113
1152,FIN,1972,Winter,0,57
1153,FIN,1976,Summer,0,89
1154,FIN,1976,Winter,0,53
1155,FIN,1980,Summer,0,97
1156,FIN,1980,Winter,0,57
1157,FIN,1984,Summer,0,97
1158,FIN,1984,Winter,0,52
1159,FIN,1988,Summer,0,90
1160,FIN,1988,Winter,0,57
1161,FIN,1992,Summer,0,111
1162,FIN,1992,Winter,0,77
1163,FIN,1994,Winter,0,74
1164,FIN,1996,Summer,0,89
1165,FIN,1998,Winter,0,77
1166,FIN,2000,Summer,0,81
1167,FIN,2002,Winter,0,108
1168,FIN,2004,Summer,0,64
1169,FIN,2006,Winter,0,85
1170,FIN,2008,Summer,0,66
1171,FIN,2010,Winter,0,93
1172,FIN,2012,Summer,0,68
1173,FIN,2014,Winter,0,95
1174,FIN,2016,Summer,0,63
1175,FRA,1896,Summer,0,26
1176,FRA,1900,Summer,1,941
1177,FRA,1904,Summer,0,2
1178,FRA,1906,Summer,0,154
1179,FRA,1908,Summer,0,216
1180,FRA,1912,Summer,0,170
1181,FRA,1920,Summer,0,265
1182,FRA,1924,Summer,1,1030
1183,FRA,1924,Winter,1,100
1184,FRA,1928,Summer,0,322
1185,FRA,1928,Winter,0,27
1186,FRA,1932,Summer,0,141
1187,FRA,1932,Winter,0,7
1188,FRA,1936,Summer,0,231
1189,FRA,1936,Winter,0,11
1190,FRA,1948,Summer,0,331
1191,FRA,1948,Winter,0,47
1192,FRA,1952,Summer,0,308
1193,FRA,1952,Winter,0,36
1194,FRA,1956,Summer,0,180
1195,FRA,1956,Winter,0,43
1196,FRA,1960,Summer,0,256
1197,FRA,1960,Winter,0,52
1198,FRA,1964,Summer,0,162
1199,FRA,1964,Winter,0,47
1200,FRA,1968,Summer,1,214
1201,FRA,1968,Winter,1,84
1202,FRA,1972,Summer,0,268
1203,FRA,1972,Winter,0,57
1204,FRA,1976,Summer,0,225
1205,FRA,1976,Winter,0,47
1206,FRA,1980,Summer,0,154
1207,FRA,1980,Winter,0,38
1208,FRA,1984,Summer,0,270
1209,FRA,1984,Winter,0,50
1210,FRA,1988,Summer,0,306
1211,FRA,1988,Winter,0,87
1212,FRA,1992,Summer,1,340
1213,FRA,1992,Winter,1,130
1214,FRA,1994,Winter,0,118
1215,FRA,1996,Summer,0,333
1216,FRA,1998,Winter,0,117
1217,FRA,2000,Summer,0,357
1218,FRA,2002,Winter,0,132
1219,FRA,2004,Summer,0,342
1220,FRA,2006,Winter,0,136
1221,FRA,2008,Summer,0,338
1222,FRA,2010,Winter,0,172
1223,FRA,2012,Summer,0,313
1224,FRA,2014,Winter,0,166
1225,FRA,2016,Summer,0,332
1226,FRG,1968,Summer,0,324
1227,FRG,1968,Winter,0,99
1228,FRG,1972,Summer,1,407
1229,FRG,1972,Winter,1,85
1230,FRG,1976,Summer,0,329
1231,FRG,1976,Winter,0,69
1232,FRG,1980,Winter,0,80
1233,FRG,1984,Summer,0,377
1234,FRG,1984,Winter,0,82
1235,FRG,1988,Summer,0,351
1236,FRG,1988,Winter,0,106
1237,FSM,2000,Summer,0,5
1238,FSM,2004,Summer,0,5
1239,FSM,2008,Summer,0,5
1240,FSM,2012,Summer,0,6
1241,FSM,2016,Summer,0,5
1242,GAB,1972,Summer,0,1
1243,GAB,1984,Summer,0,4
1244,GAB,1988,Summer,0,2
1245,GAB,1992,Summer,0,5
1246,GAB,1996,Summer,0,6
1247,GAB,2000,Summer,0,6
1248,GAB,2004,Summer,0,5
1249,GAB,2008,Summer,0,4
1250,GAB,2012,Summer,0,7
1251,GAB,2016,Summer,0,6
1252,GAM,1984,Summer,0,10
1253,GAM,1988,Summer,0,6
1254,GAM,1992,Summer,0,5
1255,GAM,1996,Summer,0,6
1256,GAM,2000,Summer,0,2
1257,GAM,2004,Summer,0,3
1258,GAM,2008,Summer,0,3
1259,GAM,2012,Summer,0,2
1260,GAM,2016,Summer,0,4
1261,GBR,1896,Summer,0,24
1262,GBR,1900,Summer,0,79
1263,GBR,1904,Summer,0,6
1264,GBR,1906,Summer,0,100
1265,GBR,1908,Summer,1,732
1266,GBR,1912,Summer,0,317
1267,GBR,1920,Summer,0,218
1268,GBR,1924,Summer,0,337
1269,GBR,1924,Winter,0,34
1270,GBR,1928,Summer,0,290
1271,GBR,1928,Winter,0,19
1272,GBR,1932,Summer,0,146
1273,GBR,1932,Winter,0,4
1274,GBR,1936,Summer,0,172
1275,GBR,1936,Winter,0,25
1276,GBR,1948,Summer,1,489
1277,GBR,1948,Winter,1,55
1278,GBR,1952,Summer,0,301
1279,GBR,1952,Winter,0,35
1280,GBR,1956,Summer,0,208
1281,GBR,1956,Winter,0,56
1282,GBR,1960,Summer,0,287
1283,GBR,1960,Winter,0,39
1284,GBR,1964,Summer,0,224
1285,GBR,1964,Winter,0,52
1286,GBR,1968,Summer,0,250
1287,GBR,1968,Winter,0,51
1288,GBR,1972,Summer,0,336
1289,GBR,1972,Winter,0,55
1290,GBR,1976,Summer,0,283
1291,GBR,1976,Winter,0,54
1292,GBR,1980,Summer,0,264
1293,GBR,1980,Winter,0,60
1294,GBR,1984,Summer,0,399
1295,GBR,1984,Winter,0,59
1296,GBR,1988,Summer,0,349
1297,GBR,1988,Winter,0,78
1298,GBR,1992,Summer,0,388
1299,GBR,1992,Winter,0,74
1300,GBR,1994,Winter,0,38
1301,GBR,1996,Summer,0,286
1302,GBR,1998,Winter,0,35
1303,GBR,2000,Summer,0,308
1304,GBR,2002,Winter,0,54
1305,GBR,2004,Summer,0,272
1306,GBR,2006,Winter,0,49
1307,GBR,2008,Summer,0,317
1308,GBR,2010,Winter,0,66
1309,GBR,2012,Summer,1,439
1310,GBR,2014,Winter,0,63
1311,GBR,2016,Summer,0,339
1312,GBS,1996,Summer,0,3
1313,GBS,2000,Summer,0,3
1314,GBS,2004,Summer,0,3
1315,GBS,2008,Summer,0,3
1316,GBS,2012,Summer,0,4
1317,GBS,2016,Summer,0,5
1318,GDR,1968,Summer,0,249
1319,GDR,1968,Winter,0,57
1320,GDR,1972,Summer,0,342
1321,GDR,1972,Winter,0,58
1322,GDR,1976,Summer,0,310
1323,GDR,1976,Winter,0,75
1324,GDR,1980,Summer,0,364
1325,GDR,1980,Winter,0,68
1326,GDR,1984,Winter,0,83
1327,GDR,1988,Summer,0,305
1328,GDR,1988,Winter,0,77
1329,GEO,1994,Winter,0,6
1330,GEO,1996,Summer,0,41
1331,GEO,1998,Winter,0,6
1332,GEO,2000,Summer,0,45
1333,GEO,2002,Winter,0,6
1334,GEO,2004,Summer,0,39
1335,GEO,2006,Winter,0,4
1336,GEO,2008,Summer,0,36
1337,GEO,2010,Winter,0,9
1338,GEO,2012,Summer,0,35
1339,GEO,2014,Winter,0,7
1340,GEO,2016,Summer,0,43
1341,GEQ,1984,Summer,0,5
1342,GEQ,1988,Summer,0,7
1343,GEQ,1992,Summer,0,8
1344,GEQ,1996,Summer,0,5
1345,GEQ,2000,Summer,0,4
1346,GEQ,2004,Summer,0,2
1347,GEQ,2008,Summer,0,3
1348,GEQ,2012,Summer,0,2
1349,GEQ,2016,Summer,0,1
1350,GER,1896,Summer,0,76
1351,GER,1900,Summer,0,60
1352,GER,1904,Summer,0,54
1353,GER,1906,Summer,0,129
1354,GER,1908,Summer,0,124
1355,GER,1912,Summer,0,198
1356,GER,1928,Summer,0,322
1357,GER,1928,Winter,0,33
1358,GER,1932,Summer,0,176
1359,GER,1932,Winter,0,4
1360,GER,1936,Summer,1,882
1361,GER,1936,Winter,1,86
1362,GER,1952,Summer,0,271
1363,GER,1952,Winter,0,54
1364,GER,1956,Summer,0,192
1365,GER,1956,Winter,0,59
1366,GER,1960,Summer,0,326
1367,GER,1960,Winter,0,90
1368,GER,1964,Summer,0,360
1369,GER,1964,Winter,0,110
1370,GER,1992,Summer,0,465
1371,GER,1992,Winter,0,142
1372,GER,1994,Winter,0,135
1373,GER,1996,Summer,0,428
1374,GER,1998,Winter,0,161
1375,GER,2000,Summer,0,390
1376,GER,2002,Winter,0,179
1377,GER,2004,Summer,0,403
1378,GER,2006,Winter,0,170
1379,GER,2008,Summer,0,374
1380,GER,2010,Winter,0,188
1381,GER,2012,Summer,0,367
1382,GER,2014,Winter,0,197
1383,GER,2016,Summer,0,369
1384,GHA,1952,Summer,0,6
1385,GHA,1960,Summer,0,12
1386,GHA,1964,Summer,0,21
1387,GHA,1968,Summer,0,18
1388,GHA,1972,Summer,0,23
1389,GHA,1984,Summer,0,18
1390,GHA,1988,Summer,0,14
1391,GHA,1992,Summer,0,18
1392,GHA,1996,Summer,0,17
1393,GHA,2000,Summer,0,18
1394,GHA,2004,Summer,0,11
1395,GHA,2008,Summer,0,9
1396,GHA,2010,Winter,0,1
1397,GHA,2012,Summer,0,7
1398,GHA,2016,Summer,0,12
1399,GRE,1896,Summer,1,142
1400,GRE,1900,Summer,0,4
1401,GRE,1904,Summer,0,13
1402,GRE,1906,Summer,0,416
1403,GRE,1908,Summer,0,36
1404,GRE,1912,Summer,0,54
1405,GRE,1920,Summer,0,48
1406,GRE,1924,Summer,0,58
1407,GRE,1928,Summer,0,35
1408,GRE,1932,Summer,0,13
1409,GRE,1936,Summer,0,51
1410,GRE,1936,Winter,0,2
1411,GRE,1948,Summer,0,68
1412,GRE,1948,Winter,0,2
1413,GRE,1952,Summer,0,43
1414,GRE,1952,Winter,0,6
1415,GRE,1956,Summer,0,15
1416,GRE,1956,Winter,0,6
1417,GRE,1960,Summer,0,47
1418,GRE,1964,Summer,0,19
1419,GRE,1964,Winter,0,7
1420,GRE,1968,Summer,0,33
1421,GRE,1968,Winter,0,8
1422,GRE,1972,Summer,0,54
1423,GRE,1972,Winter,0,6
1424,GRE,1976,Summer,0,39
1425,GRE,1976,Winter,0,10
1426,GRE,1980,Summer,0,35
1427,GRE,1980,Winter,0,6
1428,GRE,1984,Summer,0,60
1429,GRE,1984,Winter,0,13
1430,GRE,1988,Summer,0,48
1431,GRE,1988,Winter,0,15
1432,GRE,1992,Summer,0,61
1433,GRE,1992,Winter,0,23
1434,GRE,1994,Winter,0,14
1435,GRE,1996,Summer,0,152
1436,GRE,1998,Winter,0,12
1437,GRE,2000,Summer,0,144
1438,GRE,2002,Winter,0,16
1439,GRE,2004,Summer,1,300
1440,GRE,2006,Winter,0,8
1441,GRE,2008,Summer,0,137
1442,GRE,2010,Winter,0,12
1443,GRE,2012,Summer,0,94
1444,GRE,2014,Winter,0,13
1445,GRE,2016,Summer,0,79
1446,GRN,1984,Summer,0,6
1447,GRN,1988,Summer,0,7
1448,GRN,1992,Summer,0,5
1449,GRN,1996,Summer,0,2
1450,GRN,2000,Summer,0,3
1451,GRN,2004,Summer,0,5
1452,GRN,2008,Summer,0,9
1453,GRN,2012,Summer,0,8
1454,GRN,2016,Summer,0,6
1455,GUA,1932,Summer,0,1
1456,GUA,1952,Summer,0,32
1457,GUA,1968,Summer,0,46
1458,GUA,1972,Summer,0,11
1459,GUA,1976,Summer,0,11
1460,GUA,1980,Summer,0,10
1461,GUA,1984,Summer,0,47
1462,GUA,1988,Summer,0,18
1463,GUA,1988,Winter,0,15
1464,GUA,1992,Summer,0,32
1465,GUA,1996,Summer,0,28
1466,GUA,2000,Summer,0,15
1467,GUA,2004,Summer,0,19
1468,GUA,2008,Summer,0,13
1469,GUA,2012,Summer,0,24
1470,GUA,2016,Summer,0,25
1471,GUI,1968,Summer,0,1
1472,GUI,1980,Summer,0,10
1473,GUI,1984,Summer,0,1
1474,GUI,1988,Summer,0,7
1475,GUI,1992,Summer,0,11
1476,GUI,1996,Summer,0,5
1477,GUI,2000,Summer,0,6
1478,GUI,2004,Summer,0,4
1479,GUI,2008,Summer,0,5
1480,GUI,2012,Summer,0,4
1481,GUI,2016,Summer,0,5
1482,GUM,1988,Summer,0,26
1483,GUM,1988,Winter,0,1
1484,GUM,1992,Summer,0,33
1485,GUM,1996,Summer,0,9
1486,GUM,2000,Summer,0,7
1487,GUM,2004,Summer,0,4
1488,GUM,2008,Summer,0,7
1489,GUM,2012,Summer,0,8
1490,GUM,2016,Summer,0,5
1491,GUY,1948,Summer,0,7
1492,GUY,1952,Summer,0,1
1493,GUY,1956,Summer,0,6
1494,GUY,1960,Summer,0,6
1495,GUY,1964,Summer,0,1
1496,GUY,1968,Summer,0,6
1497,GUY,1972,Summer,0,4
1498,GUY,1980,Summer,0,10
1499,GUY,1984,Summer,0,12
1500,GUY,1988,Summer,0,8
1501,GUY,1992,Summer,0,7
1502,GUY,1996,Summer,0,6
1503,GUY,2000,Summer,0,4
1504,GUY,2004,Summer,0,4
1505,GUY,2008,Summer,0,4
1506,GUY,2012,Summer,0,6
1507,GUY,2016,Summer,0,7
1508,HAI,1900,Summer,0,4
1509,HAI,1924,Summer,0,12
1510,HAI,1928,Summer,0,3
1511,HAI,1932,Summer,0,3
1512,HAI,1960,Summer,0,1
1513,HAI,1972,Summer,0,7
1514,HAI,1976,Summer,0,14
1515,HAI,1984,Summer,0,3
1516,HAI,1988,Summer,0,5
1517,HAI,1992,Summer,0,8
1518,HAI,1996,Summer,0,7
1519,HAI,2000,Summer,0,5
1520,HAI,2004,Summer,0,8
1521,HAI,2008,Summer,0,7
1522,HAI,2012,Summer,0,5
1523,HAI,2016,Summer,0,10
1524,HKG,1952,Summer,0,9
1525,HKG,1956,Summer,0,4
1526,HKG,1960,Summer,0,4
1527,HKG,1964,Summer,0,31
1528,HKG,1968,Summer,0,24
1529,HKG,1972,Summer,0,16
1530,HKG,1976,Summer,0,36
1531,HKG,1984,Summer,0,67
1532,HKG,1988,Summer,0,68
1533,HKG,1992,Summer,0,52
1534,HKG,1996,Summer,0,26
1535,HKG,2000,Summer,0,39
1536,HKG,2002,Winter,0,5
1537,HKG,2004,Summer,0,35
1538,HKG,2006,Winter,0,3
1539,HKG,2008,Summer,0,41
1540,HKG,2010,Winter,0,3
1541,HKG,2012,Summer,0,47
1542,HKG,2014,Winter,0,1
1543,HKG,2016,Summer,0,38
1544,HON,1968,Summer,0,6
1545,HON,1976,Summer,0,3
1546,HON,1984,Summer,0,20
1547,HON,1988,Summer,0,18
1548,HON,1992,Summer,0,27
1549,HON,1992,Winter,0,3
1550,HON,1996,Summer,0,7
1551,HON,2000,Summer,0,4
1552,HON,2004,Summer,0,5
1553,HON,2008,Summer,0,8
1554,HON,2012,Summer,0,10
1555,HON,2016,Summer,0,8
1556,HUN,1896,Summer,0,18
1557,HUN,1900,Summer,0,34
1558,HUN,1904,Summer,0,9
1559,HUN,1906,Summer,0,86
1560,HUN,1908,Summer,0,95
1561,HUN,1912,Summer,0,145
1562,HUN,1924,Summer,0,93
1563,HUN,1924,Winter,0,6
1564,HUN,1928,Summer,0,166
1565,HUN,1928,Winter,0,7
1566,HUN,1932,Summer,0,98
1567,HUN,1932,Winter,0,4
1568,HUN,1936,Summer,0,220
1569,HUN,1936,Winter,0,17
1570,HUN,1948,Summer,0,165
1571,HUN,1948,Winter,0,43
1572,HUN,1952,Summer,0,253
1573,HUN,1952,Winter,0,21
1574,HUN,1956,Summer,0,142
1575,HUN,1956,Winter,0,2
1576,HUN,1960,Summer,0,222
1577,HUN,1960,Winter,0,4
1578,HUN,1964,Summer,0,226
1579,HUN,1964,Winter,0,24
1580,HUN,1968,Summer,0,220
1581,HUN,1968,Winter,0,21
1582,HUN,1972,Summer,0,259
1583,HUN,1972,Winter,0,1
1584,HUN,1976,Summer,0,207
1585,HUN,1976,Winter,0,3
1586,HUN,1980,Summer,0,284
1587,HUN,1980,Winter,0,2
1588,HUN,1984,Winter,0,13
1589,HUN,1988,Summer,0,241
1590,HUN,1988,Winter,0,7
1591,HUN,1992,Summer,0,271
1592,HUN,1992,Winter,0,57
1593,HUN,1994,Winter,0,24
1594,HUN,1996,Summer,0,229
1595,HUN,1998,Winter,0,21
1596,HUN,2000,Summer,0,173
1597,HUN,2002,Winter,0,41
1598,HUN,2004,Summer,0,174
1599,HUN,2006,Winter,0,28
1600,HUN,2008,Summer,0,152
1601,HUN,2010,Winter,0,29
1602,HUN,2012,Summer,0,135
1603,HUN,2014,Winter,0,33
1604,HUN,2016,Summer,0,153
1605,INA,1952,Summer,0,3
1606,INA,1956,Summer,0,12
1607,INA,1960,Summer,0,23
1608,INA,1968,Summer,0,5
1609,INA,1972,Summer,0,7
1610,INA,1976,Summer,0,11
1611,INA,1984,Summer,0,20
1612,INA,1988,Summer,0,37
1613,INA,1992,Summer,0,38
1614,INA,1996,Summer,0,29
1615,INA,2000,Summer,0,38
1616,INA,2004,Summer,0,29
1617,INA,2008,Summer,0,19
1618,INA,2012,Summer,0,19
1619,INA,2016,Summer,0,24
1620,IND,1900,Summer,0,5
1621,IND,1920,Summer,0,7
1622,IND,1924,Summer,0,20
1623,IND,1924,Winter,0,7
1624,IND,1928,Summer,0,11
1625,IND,1932,Summer,0,9
1626,IND,1936,Summer,0,12
1627,IND,1948,Summer,0,46
1628,IND,1952,Summer,0,56
1629,IND,1956,Summer,0,47
1630,IND,1960,Summer,0,26
1631,IND,1964,Summer,0,80
1632,IND,1964,Winter,0,1
1633,IND,1968,Summer,0,12
1634,IND,1968,Winter,0,3
1635,IND,1972,Summer,0,29
1636,IND,1976,Summer,0,11
1637,IND,1980,Summer,0,47
1638,IND,1984,Summer,0,34
1639,IND,1988,Summer,0,32
1640,IND,1988,Winter,0,3
1641,IND,1992,Summer,0,41
1642,IND,1992,Winter,0,4
1643,IND,1996,Summer,0,33
1644,IND,1998,Winter,0,1
1645,IND,2000,Summer,0,41
1646,IND,2002,Winter,0,1
1647,IND,2004,Summer,0,57
1648,IND,2006,Winter,0,5
1649,IND,2008,Summer,0,60
1650,IND,2010,Winter,0,3
1651,IND,2012,Summer,0,69
1652,IND,2014,Winter,0,2
1653,IND,2016,Summer,0,87
1654,IOA,1992,Summer,0,69
1655,IOA,2000,Summer,0,4
1656,IOA,2012,Summer,0,4
1657,IOA,2014,Winter,0,1
1658,IOA,2016,Summer,0,9
1659,IRI,1900,Summer,0,1
1660,IRI,1948,Summer,0,39
1661,IRI,1952,Summer,0,23
1662,IRI,1956,Summer,0,17
1663,IRI,1956,Winter,0,9
1664,IRI,1960,Summer,0,24
1665,IRI,1964,Summer,0,69
1666,IRI,1964,Winter,0,12
1667,IRI,1968,Summer,0,14
1668,IRI,1968,Winter,0,12
1669,IRI,1972,Summer,0,34
1670,IRI,1972,Winter,0,12
1671,IRI,1976,Summer,0,65
1672,IRI,1976,Winter,0,12
1673,IRI,1988,Summer,0,23
1674,IRI,1992,Summer,0,38
1675,IRI,1996,Summer,0,18
1676,IRI,1998,Winter,0,1
1677,IRI,2000,Summer,0,34
1678,IRI,2002,Winter,0,2
1679,IRI,2004,Summer,0,37
1680,IRI,2006,Winter,0,3
1681,IRI,2008,Summer,0,55
1682,IRI,2010,Winter,0,7
1683,IRI,2012,Summer,0,57
1684,IRI,2014,Winter,0,7
1685,IRI,2016,Summer,0,56
1686,IRL,1924,Summer,0,38
1687,IRL,1928,Summer,0,38
1688,IRL,1932,Summer,0,18
1689,IRL,1948,Summer,0,64
1690,IRL,1952,Summer,0,23
1691,IRL,1956,Summer,0,21
1692,IRL,1960,Summer,0,54
1693,IRL,1964,Summer,0,32
1694,IRL,1968,Summer,0,44
1695,IRL,1972,Summer,0,69
1696,IRL,1976,Summer,0,41
1697,IRL,1980,Summer,0,50
1698,IRL,1984,Summer,0,49
1699,IRL,1988,Summer,0,67
1700,IRL,1992,Summer,0,63
1701,IRL,1992,Winter,0,1
1702,IRL,1996,Summer,0,85
1703,IRL,1998,Winter,0,4
1704,IRL,2000,Summer,0,60
1705,IRL,2002,Winter,0,8
1706,IRL,2004,Summer,0,43
1707,IRL,2006,Winter,0,5
1708,IRL,2008,Summer,0,50
1709,IRL,2010,Winter,0,6
1710,IRL,2012,Summer,0,67
1711,IRL,2014,Winter,0,8
1712,IRL,2016,Summer,0,75
1713,IRQ,1948,Summer,0,13
1714,IRQ,1960,Summer,0,25
1715,IRQ,1964,Summer,0,16
1716,IRQ,1968,Summer,0,4
1717,IRQ,1980,Summer,0,26
1718,IRQ,1984,Summer,0,11
1719,IRQ,1988,Summer,0,13
1720,IRQ,1992,Summer,0,8
1721,IRQ,1996,Summer,0,3
1722,IRQ,2000,Summer,0,4
1723,IRQ,2004,Summer,0,8
1724,IRQ,2008,Summer,0,4
1725,IRQ,2012,Summer,0,8
1726,IRQ,2016,Summer,0,5
1727,ISL,1908,Summer,0,1
1728,ISL,1912,Summer,0,2
1729,ISL,1936,Summer,0,6
1730,ISL,1948,Summer,0,24
1731,ISL,1948,Winter,0,8
1732,ISL,1952,Summer,0,15
1733,ISL,1952,Winter,0,21
1734,ISL,1956,Summer,0,2
1735,ISL,1956,Winter,0,14
1736,ISL,1960,Summer,0,11
1737,ISL,1960,Winter,0,10
1738,ISL,1964,Summer,0,5
1739,ISL,1964,Winter,0,10
1740,ISL,1968,Summer,0,16
1741,ISL,1968,Winter,0,8
1742,ISL,1972,Summer,0,16
1743,ISL,1976,Summer,0,22
1744,ISL,1976,Winter,0,16
1745,ISL,1980,Summer,0,12
1746,ISL,1980,Winter,0,12
1747,ISL,1984,Summer,0,20
1748,ISL,1984,Winter,0,10
1749,ISL,1988,Summer,0,27
1750,ISL,1988,Winter,0,6
1751,ISL,1992,Summer,0,17
1752,ISL,1992,Winter,0,15
1753,ISL,1994,Winter,0,14
1754,ISL,1996,Summer,0,15
1755,ISL,1998,Winter,0,12
1756,ISL,2000,Summer,0,29
1757,ISL,2002,Winter,0,12
1758,ISL,2004,Summer,0,20
1759,ISL,2006,Winter,0,12
1760,ISL,2008,Summer,0,18
1761,ISL,2010,Winter,0,7
1762,ISL,2012,Summer,0,20
1763,ISL,2014,Winter,0,11
1764,ISL,2016,Summer,0,14
1765,ISR,1952,Summer,0,31
1766,ISR,1956,Summer,0,3
1767,ISR,1960,Summer,0,43
1768,ISR,1964,Summer,0,13
1769,ISR,1968,Summer,0,23
1770,ISR,1972,Summer,0,16
1771,ISR,1976,Summer,0,19
1772,ISR,1984,Summer,0,63
1773,ISR,1988,Summer,0,26
1774,ISR,1992,Summer,0,42
1775,ISR,1994,Winter,0,1
1776,ISR,1996,Summer,0,31
1777,ISR,1998,Winter,0,3
1778,ISR,2000,Summer,0,44
1779,ISR,2002,Winter,0,7
1780,ISR,2004,Summer,0,43
1781,ISR,2006,Winter,0,6
1782,ISR,2008,Summer,0,56
1783,ISR,2010,Winter,0,4
1784,ISR,2012,Summer,0,53
1785,ISR,2014,Winter,0,6
1786,ISR,2016,Summer,0,54
1787,ISV,1968,Summer,0,5
1788,ISV,1972,Summer,0,13
1789,ISV,1976,Summer,0,25
1790,ISV,1984,Summer,0,44
1791,ISV,1988,Summer,0,36
1792,ISV,1988,Winter,0,4
1793,ISV,1992,Summer,0,30
1794,ISV,1992,Winter,0,9
1795,ISV,1994,Winter,0,4
1796,ISV,1996,Summer,0,11
1797,ISV,1998,Winter,0,3
1798,ISV,2000,Summer,0,12
1799,ISV,2002,Winter,0,4
1800,ISV,2004,Summer,0,9
1801,ISV,2008,Summer,0,8
1802,ISV,2012,Summer,0,9
1803,ISV,2014,Winter,0,2
1804,ISV,2016,Summer,0,7
1805,ITA,1896,Summer,0,1
1806,ITA,1900,Summer,0,36
1807,ITA,1904,Summer,0,1
1808,ITA,1906,Summer,0,82
1809,ITA,1908,Summer,0,58
1810,ITA,1912,Summer,0,61
1811,ITA,1920,Summer,0,155
1812,ITA,1924,Summer,0,248
1813,ITA,1924,Winter,0,15
1814,ITA,1928,Summer,0,195
1815,ITA,1928,Winter,0,12
1816,ITA,1932,Summer,0,118
1817,ITA,1932,Winter,0,14
1818,ITA,1936,Summer,0,280
1819,ITA,1936,Winter,0,26
1820,ITA,1948,Summer,0,233
1821,ITA,1948,Winter,0,52
1822,ITA,1952,Summer,0,270
1823,ITA,1952,Winter,0,39
1824,ITA,1956,Summer,1,144
1825,ITA,1956,Winter,1,63
1826,ITA,1960,Summer,1,282
1827,ITA,1960,Winter,1,55
1828,ITA,1964,Summer,0,185
1829,ITA,1964,Winter,0,61
1830,ITA,1968,Summer,0,204
1831,ITA,1968,Winter,0,63
1832,ITA,1972,Summer,0,259
1833,ITA,1972,Winter,0,50
1834,ITA,1976,Summer,0,227
1835,ITA,1976,Winter,0,75
1836,ITA,1980,Summer,0,146
1837,ITA,1980,Winter,0,59
1838,ITA,1984,Summer,0,261
1839,ITA,1984,Winter,0,76
1840,ITA,1988,Summer,0,262
1841,ITA,1988,Winter,0,83
1842,ITA,1992,Summer,0,300
1843,ITA,1992,Winter,0,127
1844,ITA,1994,Winter,0,136
1845,ITA,1996,Summer,0,328
1846,ITA,1998,Winter,0,132
1847,ITA,2000,Summer,0,298
1848,ITA,2002,Winter,0,168
1849,ITA,2004,Summer,0,309
1850,ITA,2006,Winter,1,203
1851,ITA,2008,Summer,0,316
1852,ITA,2010,Winter,0,171
1853,ITA,2012,Summer,0,268
1854,ITA,2014,Winter,0,182
1855,ITA,2016,Summer,0,276
1856,IVB,1984,Summer,0,9
1857,IVB,1984,Winter,0,2
1858,IVB,1988,Summer,0,4
1859,IVB,1992,Summer,0,4
1860,IVB,1996,Summer,0,5
1861,IVB,2000,Summer,0,1
1862,IVB,2004,Summer,0,1
1863,IVB,2008,Summer,0,2
1864,IVB,2012,Summer,0,2
1865,IVB,2014,Winter,0,1
1866,IVB,2016,Summer,0,4
1867,JAM,1948,Summer,0,23
1868,JAM,1952,Summer,0,13
1869,JAM,1956,Summer,0,10
1870,JAM,1964,Summer,0,23
1871,JAM,1968,Summer,0,28
1872,JAM,1972,Summer,0,39
1873,JAM,1976,Summer,0,27
1874,JAM,1980,Summer,0,20
1875,JAM,1984,Summer,0,53
1876,JAM,1988,Summer,0,32
1877,JAM,1988,Winter,0,2
1878,JAM,1992,Summer,0,37
1879,JAM,1992,Winter,0,2
1880,JAM,1994,Winter,0,2
1881,JAM,1996,Summer,0,49
1882,JAM,1998,Winter,0,2
1883,JAM,2000,Summer,0,46
1884,JAM,2002,Winter,0,1
1885,JAM,2004,Summer,0,48
1886,JAM,2008,Summer,0,49
1887,JAM,2010,Winter,0,1
1888,JAM,2012,Summer,0,46
1889,JAM,2014,Winter,0,1
1890,JAM,2016,Summer,0,58
1891,JOR,1980,Summer,0,6
1892,JOR,1984,Summer,0,15
1893,JOR,1988,Summer,0,9
1894,JOR,1992,Summer,0,5
1895,JOR,1996,Summer,0,5
1896,JOR,2000,Summer,0,8
1897,JOR,2004,Summer,0,8
1898,JOR,2008,Summer,0,7
1899,JOR,2012,Summer,0,9
1900,JOR,2016,Summer,0,8
1901,JPN,1912,Summer,0,4
1902,JPN,1920,Summer,0,25
1903,JPN,1924,Summer,0,31
1904,JPN,1928,Summer,0,45
1905,JPN,1928,Winter,0,10
1906,JPN,1932,Summer,0,161
1907,JPN,1932,Winter,0,33
1908,JPN,1936,Summer,0,269
1909,JPN,1936,Winter,0,38
1910,JPN,1952,Summer,0,110
1911,JPN,1952,Winter,0,25
1912,JPN,1956,Summer,0,184
1913,JPN,1956,Winter,0,26
1914,JPN,1960,Summer,0,213
1915,JPN,1960,Winter,0,54
1916,JPN,1964,Summer,1,326
1917,JPN,1964,Winter,1,66
1918,JPN,1968,Summer,0,197
1919,JPN,1968,Winter,0,72
1920,JPN,1972,Summer,1,220
1921,JPN,1972,Winter,1,95
1922,JPN,1976,Summer,0,248
1923,JPN,1976,Winter,0,60
1924,JPN,1980,Winter,0,56
1925,JPN,1984,Summer,0,263
1926,JPN,1984,Winter,0,62
1927,JPN,1988,Summer,0,316
1928,JPN,1988,Winter,0,95
1929,JPN,1992,Summer,0,297
1930,JPN,1992,Winter,0,115
1931,JPN,1994,Winter,0,107
1932,JPN,1996,Summer,0,302
1933,JPN,1998,Winter,1,170
1934,JPN,2000,Summer,0,260
1935,JPN,2002,Winter,0,170
1936,JPN,2004,Summer,0,269
1937,JPN,2006,Winter,0,159
1938,JPN,2008,Summer,0,282
1939,JPN,2010,Winter,0,128
1940,JPN,2012,Summer,0,270
1941,JPN,2014,Winter,0,122
1942,JPN,2016,Summer,0,303
1943,KAZ,1994,Winter,0,65
1944,KAZ,1996,Summer,0,125
1945,KAZ,1998,Winter,0,78
1946,KAZ,2000,Summer,0,127
1947,KAZ,2002,Winter,0,74
1948,KAZ,2004,Summer,0,108
1949,KAZ,2006,Winter,0,64
1950,KAZ,2008,Summer,0,120
1951,KAZ,2010,Winter,0,86
1952,KAZ,2012,Summer,0,118
1953,KAZ,2014,Winter,0,98
1954,KAZ,2016,Summer,0,110
1955,KEN,1956,Summer,0,15
1956,KEN,1960,Summer,0,14
1957,KEN,1964,Summer,0,26
1958,KEN,1968,Summer,0,34
1959,KEN,1972,Summer,0,49
1960,KEN,1984,Summer,0,48
1961,KEN,1988,Summer,0,67
1962,KEN,1992,Summer,0,51
1963,KEN,1996,Summer,0,50
1964,KEN,1998,Winter,0,1
1965,KEN,2000,Summer,0,45
1966,KEN,2002,Winter,0,2
1967,KEN,2004,Summer,0,35
1968,KEN,2006,Winter,0,1
1969,KEN,2008,Summer,0,47
1970,KEN,2012,Summer,0,48
1971,KEN,2016,Summer,0,58
1972,KGZ,1994,Winter,0,2
1973,KGZ,1996,Summer,0,39
1974,KGZ,1998,Winter,0,2
1975,KGZ,2000,Summer,0,59
1976,KGZ,2002,Winter,0,4
1977,KGZ,2004,Summer,0,32
1978,KGZ,2006,Winter,0,2
1979,KGZ,2008,Summer,0,22
1980,KGZ,2010,Winter,0,3
1981,KGZ,2012,Summer,0,15
1982,KGZ,2014,Winter,0,2
1983,KGZ,2016,Summer,0,19
1984,KIR,2004,Summer,0,3
1985,KIR,2008,Summer,0,2
1986,KIR,2012,Summer,0,3
1987,KIR,2016,Summer,0,3
1988,KOR,1948,Summer,0,38
1989,KOR,1948,Winter,0,7
1990,KOR,1952,Summer,0,20
1991,KOR,1956,Summer,0,36
1992,KOR,1956,Winter,0,10
1993,KOR,1960,Summer,0,46
1994,KOR,1960,Winter,0,20
1995,KOR,1964,Summer,0,181
1996,KOR,1964,Winter,0,16
1997,KOR,1968,Summer,0,57
1998,KOR,1968,Winter,0,14
1999,KOR,1972,Summer,0,26
2000,KOR,1972,Winter,0,11
2001,KOR,1976,Summer,0,29
2002,KOR,1976,Winter,0,9
2003,KOR,1980,Winter,0,24
2004,KOR,1984,Summer,0,175
2005,KOR,1984,Winter,0,38
2006,KOR,1988,Summer,1,351
2007,KOR,1988,Winter,1,50
2008,KOR,1992,Summer,0,208
2009,KOR,1992,Winter,0,48
2010,KOR,1994,Winter,0,42
2011,KOR,1996,Summer,0,261
2012,KOR,1998,Winter,0,67
2013,KOR,2000,Summer,0,208
2014,KOR,2002,Winter,0,78
2015,KOR,2004,Summer,0,222
2016,KOR,2006,Winter,0,73
2017,KOR,2008,Summer,0,209
2018,KOR,2010,Winter,0,70
2019,KOR,2012,Summer,0,193
2020,KOR,2014,Winter,0,100
2021,KOR,2016,Summer,0,176
2022,KOS,2016,Summer,0,8
2023,KSA,1972,Summer,0,11
2024,KSA,1976,Summer,0,13
2025,KSA,1984,Summer,0,22
2026,KSA,1988,Summer,0,13
2027,KSA,1992,Summer,0,15
2028,KSA,1996,Summer,0,15
2029,KSA,2000,Summer,0,17
2030,KSA,2004,Summer,0,16
2031,KSA,2008,Summer,0,15
2032,KSA,2012,Summer,0,20
2033,KSA,2016,Summer,0,11
2034,KUW,1968,Summer,0,2
2035,KUW,1972,Summer,0,4
2036,KUW,1976,Summer,0,15
2037,KUW,1980,Summer,0,32
2038,KUW,1984,Summer,0,24
2039,KUW,1988,Summer,0,28
2040,KUW,1992,Summer,0,19
2041,KUW,1996,Summer,0,16
2042,KUW,2000,Summer,0,12
2043,KUW,2004,Summer,0,11
2044,KUW,2008,Summer,0,8
2045,KUW,2012,Summer,0,12
2046,LAO,1980,Summer,0,19
2047,LAO,1988,Summer,0,3
2048,LAO,1992,Summer,0,7
2049,LAO,1996,Summer,0,2
2050,LAO,2000,Summer,0,3
2051,LAO,2004,Summer,0,5
2052,LAO,2008,Summer,0,4
2053,LAO,2012,Summer,0,3
2054,LAO,2016,Summer,0,5
2055,LAT,1924,Summer,0,34
2056,LAT,1924,Winter,0,7
2057,LAT,1928,Summer,0,21
2058,LAT,1928,Winter,0,3
2059,LAT,1932,Summer,0,13
2060,LAT,1936,Summer,0,30
2061,LAT,1936,Winter,0,23
2062,LAT,1992,Summer,0,37
2063,LAT,1992,Winter,0,24
2064,LAT,1994,Winter,0,26
2065,LAT,1996,Summer,0,55
2066,LAT,1998,Winter,0,37
2067,LAT,2000,Summer,0,58
2068,LAT,2002,Winter,0,33
2069,LAT,2004,Summer,0,45
2070,LAT,2006,Winter,0,53
2071,LAT,2008,Summer,0,50
2072,LAT,2010,Winter,0,48
2073,LAT,2012,Summer,0,46
2074,LAT,2014,Winter,0,43
2075,LAT,2016,Summer,0,32
2076,LBA,1968,Summer,0,1
2077,LBA,1980,Summer,0,24
2078,LBA,1988,Summer,0,7
2079,LBA,1992,Summer,0,5
2080,LBA,1996,Summer,0,5
2081,LBA,2000,Summer,0,3
2082,LBA,2004,Summer,0,8
2083,LBA,2008,Summer,0,6
2084,LBA,2012,Summer,0,4
2085,LBA,2016,Summer,0,7
2086,LBR,1956,Summer,0,8
2087,LBR,1960,Summer,0,6
2088,LBR,1964,Summer,0,2
2089,LBR,1972,Summer,0,5
2090,LBR,1984,Summer,0,7
2091,LBR,1988,Summer,0,11
2092,LBR,1996,Summer,0,4
2093,LBR,2000,Summer,0,7
2094,LBR,2004,Summer,0,2
2095,LBR,2008,Summer,0,4
2096,LBR,2012,Summer,0,3
2097,LBR,2016,Summer,0,3
2098,LCA,1996,Summer,0,5
2099,LCA,2000,Summer,0,5
2100,LCA,2004,Summer,0,2
2101,LCA,2008,Summer,0,4
2102,LCA,2012,Summer,0,4
2103,LCA,2016,Summer,0,5
2104,LES,1972,Summer,0,2
2105,LES,1980,Summer,0,7
2106,LES,1984,Summer,0,5
2107,LES,1988,Summer,0,6
2108,LES,1992,Summer,0,8
2109,LES,1996,Summer,0,5
2110,LES,2000,Summer,0,6
2111,LES,2004,Summer,0,3
2112,LES,2008,Summer,0,5
2113,LES,2012,Summer,0,4
2114,LES,2016,Summer,0,9
2115,LIB,1948,Summer,0,9
2116,LIB,1948,Winter,0,3
2117,LIB,1952,Summer,0,9
2118,LIB,1952,Winter,0,3
2119,LIB,1956,Winter,0,8
2120,LIB,1960,Summer,0,18
2121,LIB,1960,Winter,0,5
2122,LIB,1964,Summer,0,5
2123,LIB,1964,Winter,0,12
2124,LIB,1968,Summer,0,15
2125,LIB,1968,Winter,0,6
2126,LIB,1972,Summer,0,30
2127,LIB,1972,Winter,0,2
2128,LIB,1976,Summer,0,4
2129,LIB,1976,Winter,0,1
2130,LIB,1980,Summer,0,19
2131,LIB,1980,Winter,0,7
2132,LIB,1984,Summer,0,27
2133,LIB,1984,Winter,0,8
2134,LIB,1988,Summer,0,31
2135,LIB,1988,Winter,0,9
2136,LIB,1992,Summer,0,18
2137,LIB,1992,Winter,0,8
2138,LIB,1996,Summer,0,1
2139,LIB,2000,Summer,0,6
2140,LIB,2002,Winter,0,3
2141,LIB,2004,Summer,0,5
2142,LIB,2006,Winter,0,7
2143,LIB,2008,Summer,0,6
2144,LIB,2010,Winter,0,6
2145,LIB,2012,Summer,0,10
2146,LIB,2014,Winter,0,3
2147,LIB,2016,Summer,0,9
2148,LIE,1936,Summer,0,8
2149,LIE,1936,Winter,0,3
2150,LIE,1948,Summer,0,2
2151,LIE,1948,Winter,0,13
2152,LIE,1952,Summer,0,2
2153,LIE,1956,Winter,0,13
2154,LIE,1960,Summer,0,8
2155,LIE,1960,Winter,0,9
2156,LIE,1964,Summer,0,3
2157,LIE,1964,Winter,0,12
2158,LIE,1968,Summer,0,3
2159,LIE,1968,Winter,0,17
2160,LIE,1972,Summer,0,12
2161,LIE,1972,Winter,0,10
2162,LIE,1976,Summer,0,9
2163,LIE,1976,Winter,0,19
2164,LIE,1980,Winter,0,16
2165,LIE,1984,Summer,0,8
2166,LIE,1984,Winter,0,19
2167,LIE,1988,Summer,0,16
2168,LIE,1988,Winter,0,36
2169,LIE,1992,Summer,0,8
2170,LIE,1992,Winter,0,18
2171,LIE,1994,Winter,0,25
2172,LIE,1996,Summer,0,2
2173,LIE,1998,Winter,0,19
2174,LIE,2000,Summer,0,2
2175,LIE,2002,Winter,0,18
2176,LIE,2004,Summer,0,1
2177,LIE,2006,Winter,0,12
2178,LIE,2008,Summer,0,2
2179,LIE,2010,Winter,0,4
2180,LIE,2012,Summer,0,4
2181,LIE,2014,Winter,0,5
2182,LIE,2016,Summer,0,3
2183,LTU,1924,Summer,0,3
2184,LTU,1928,Summer,0,13
2185,LTU,1928,Winter,0,4
2186,LTU,1992,Summer,0,51
2187,LTU,1992,Winter,0,13
2188,LTU,1994,Winter,0,13
2189,LTU,1996,Summer,0,73
2190,LTU,1998,Winter,0,18
2191,LTU,2000,Summer,0,72
2192,LTU,2002,Winter,0,21
2193,LTU,2004,Summer,0,62
2194,LTU,2006,Winter,0,14
2195,LTU,2008,Summer,0,76
2196,LTU,2010,Winter,0,12
2197,LTU,2012,Summer,0,72
2198,LTU,2014,Winter,0,20
2199,LTU,2016,Summer,0,75
2200,LUX,1900,Summer,0,1
2201,LUX,1912,Summer,0,11
2202,LUX,1920,Summer,0,22
2203,LUX,1924,Summer,0,102
2204,LUX,1928,Summer,0,82
2205,LUX,1928,Winter,0,1
2206,LUX,1932,Summer,0,11
2207,LUX,1936,Summer,0,105
2208,LUX,1936,Winter,0,2
2209,LUX,1948,Summer,0,88
2210,LUX,1952,Summer,0,75
2211,LUX,1956,Summer,0,24
2212,LUX,1960,Summer,0,97
2213,LUX,1964,Summer,0,27
2214,LUX,1968,Summer,0,7
2215,LUX,1972,Summer,0,11
2216,LUX,1976,Summer,0,9
2217,LUX,1980,Summer,0,4
2218,LUX,1984,Summer,0,5
2219,LUX,1988,Summer,0,11
2220,LUX,1988,Winter,0,3
2221,LUX,1992,Summer,0,8
2222,LUX,1992,Winter,0,5
2223,LUX,1994,Winter,0,5
2224,LUX,1996,Summer,0,7
2225,LUX,1998,Winter,0,1
2226,LUX,2000,Summer,0,8
2227,LUX,2004,Summer,0,13
2228,LUX,2006,Winter,0,1
2229,LUX,2008,Summer,0,19
2230,LUX,2012,Summer,0,11
2231,LUX,2014,Winter,0,1
2232,LUX,2016,Summer,0,15
2233,MAD,1964,Summer,0,4
2234,MAD,1968,Summer,0,6
2235,MAD,1972,Summer,0,10
2236,MAD,1980,Summer,0,18
2237,MAD,1984,Summer,0,5
2238,MAD,1992,Summer,0,16
2239,MAD,1996,Summer,0,10
2240,MAD,2000,Summer,0,10
2241,MAD,2004,Summer,0,8
2242,MAD,2006,Winter,0,2
2243,MAD,2008,Summer,0,6
2244,MAD,2012,Summer,0,7
2245,MAD,2016,Summer,0,6
2246,MAL,1956,Summer,0,18
2247,MAL,1960,Summer,0,11
2248,MAR,1960,Summer,0,91
2249,MAR,1964,Summer,0,10
2250,MAR,1968,Summer,0,25
2251,MAR,1968,Winter,0,8
2252,MAR,1972,Summer,0,19
2253,MAR,1976,Summer,0,9
2254,MAR,1984,Summer,0,21
2255,MAR,1984,Winter,0,7
2256,MAR,1988,Summer,0,29
2257,MAR,1988,Winter,0,6
2258,MAR,1992,Summer,0,27
2259,MAR,1992,Winter,0,23
2260,MAR,1996,Summer,0,38
2261,MAR,2000,Summer,0,39
2262,MAR,2004,Summer,0,42
2263,MAR,2008,Summer,0,49
2264,MAR,2010,Winter,0,2
2265,MAR,2012,Summer,0,52
2266,MAR,2014,Winter,0,4
2267,MAR,2016,Summer,0,52
2268,MAS,1964,Summer,0,53
2269,MAS,1968,Summer,0,16
2270,MAS,1972,Summer,0,23
2271,MAS,1976,Summer,0,10
2272,MAS,1984,Summer,0,12
2273,MAS,1988,Summer,0,16
2274,MAS,1992,Summer,0,12
2275,MAS,1996,Summer,0,22
2276,MAS,2000,Summer,0,34
2277,MAS,2004,Summer,0,34
2278,MAS,2008,Summer,0,34
2279,MAS,2012,Summer,0,31
2280,MAS,2016,Summer,0,35
2281,MAW,1972,Summer,0,18
2282,MAW,1984,Summer,0,20
2283,MAW,1988,Summer,0,19
2284,MAW,1992,Summer,0,4
2285,MAW,1996,Summer,0,2
2286,MAW,2000,Summer,0,2
2287,MAW,2004,Summer,0,4
2288,MAW,2008,Summer,0,4
2289,MAW,2012,Summer,0,3
2290,MAW,2016,Summer,0,5
2291,MDA,1994,Winter,0,4
2292,MDA,1996,Summer,0,48
2293,MDA,1998,Winter,0,4
2294,MDA,2000,Summer,0,35
2295,MDA,2002,Winter,0,9
2296,MDA,2004,Summer,0,33
2297,MDA,2006,Winter,0,10
2298,MDA,2008,Summer,0,30
2299,MDA,2010,Winter,0,11
2300,MDA,2012,Summer,0,20
2301,MDA,2014,Winter,0,5
2302,MDA,2016,Summer,0,23
2303,MDV,1988,Summer,0,6
2304,MDV,1992,Summer,0,10
2305,MDV,1996,Summer,0,6
2306,MDV,2000,Summer,0,4
2307,MDV,2004,Summer,0,4
2308,MDV,2008,Summer,0,4
2309,MDV,2012,Summer,0,5
2310,MDV,2016,Summer,0,4
2311,MEX,1900,Summer,0,1
2312,MEX,1924,Summer,0,27
2313,MEX,1928,Summer,0,42
2314,MEX,1928,Winter,0,1
2315,MEX,1932,Summer,0,86
2316,MEX,1936,Summer,0,29
2317,MEX,1948,Summer,0,119
2318,MEX,1952,Summer,0,69
2319,MEX,1956,Summer,0,31
2320,MEX,1960,Summer,0,89
2321,MEX,1964,Summer,0,97
2322,MEX,1968,Summer,1,305
2323,MEX,1972,Summer,0,194
2324,MEX,1976,Summer,0,92
2325,MEX,1980,Summer,0,62
2326,MEX,1984,Summer,0,125
2327,MEX,1984,Winter,0,3
2328,MEX,1988,Summer,0,118
2329,MEX,1988,Winter,0,18
2330,MEX,1992,Summer,0,100
2331,MEX,1992,Winter,0,28
2332,MEX,1994,Winter,0,1
2333,MEX,1996,Summer,0,81
2334,MEX,2000,Summer,0,87
2335,MEX,2002,Winter,0,2
2336,MEX,2004,Summer,0,93
2337,MEX,2008,Summer,0,93
2338,MEX,2010,Winter,0,2
2339,MEX,2012,Summer,0,94
2340,MEX,2014,Winter,0,1
2341,MEX,2016,Summer,0,102
2342,MGL,1964,Summer,0,37
2343,MGL,1964,Winter,0,22
2344,MGL,1968,Summer,0,38
2345,MGL,1968,Winter,0,10
2346,MGL,1972,Summer,0,44
2347,MGL,1972,Winter,0,8
2348,MGL,1976,Summer,0,33
2349,MGL,1980,Summer,0,54
2350,MGL,1980,Winter,0,10
2351,MGL,1984,Winter,0,9
2352,MGL,1988,Summer,0,30
2353,MGL,1988,Winter,0,9
2354,MGL,1992,Summer,0,35
2355,MGL,1992,Winter,0,11
2356,MGL,1994,Winter,0,2
2357,MGL,1996,Summer,0,18
2358,MGL,1998,Winter,0,3
2359,MGL,2000,Summer,0,23
2360,MGL,2002,Winter,0,4
2361,MGL,2004,Summer,0,21
2362,MGL,2006,Winter,0,2
2363,MGL,2008,Summer,0,31
2364,MGL,2010,Winter,0,2
2365,MGL,2012,Summer,0,32
2366,MGL,2014,Winter,0,2
2367,MGL,2016,Summer,0,46
2368,MHL,2008,Summer,0,5
2369,MHL,2012,Summer,0,4
2370,MHL,2016,Summer,0,5
2371,MKD,1996,Summer,0,16
2372,MKD,1998,Winter,0,3
2373,MKD,2000,Summer,0,15
2374,MKD,2002,Winter,0,4
2375,MKD,2004,Summer,0,14
2376,MKD,2006,Winter,0,5
2377,MKD,2008,Summer,0,7
2378,MKD,2010,Winter,0,4
2379,MKD,2012,Summer,0,4
2380,MKD,2014,Winter,0,6
2381,MKD,2016,Summer,0,6
2382,MLI,1964,Summer,0,2
2383,MLI,1968,Summer,0,2
2384,MLI,1972,Summer,0,3
2385,MLI,1980,Summer,0,7
2386,MLI,1984,Summer,0,5
2387,MLI,1988,Summer,0,8
2388,MLI,1992,Summer,0,6
2389,MLI,1996,Summer,0,4
2390,MLI,2000,Summer,0,5
2391,MLI,2004,Summer,0,6
2392,MLI,2008,Summer,0,17
2393,MLI,2012,Summer,0,6
2394,MLI,2016,Summer,0,6
2395,MLT,1928,Summer,0,1
2396,MLT,1936,Summer,0,3
2397,MLT,1948,Summer,0,1
2398,MLT,1960,Summer,0,10
2399,MLT,1968,Summer,0,1
2400,MLT,1972,Summer,0,2
2401,MLT,1980,Summer,0,9
2402,MLT,1984,Summer,0,7
2403,MLT,1988,Summer,0,6
2404,MLT,1992,Summer,0,8
2405,MLT,1996,Summer,0,10
2406,MLT,2000,Summer,0,7
2407,MLT,2004,Summer,0,7
2408,MLT,2008,Summer,0,6
2409,MLT,2012,Summer,0,5
2410,MLT,2014,Winter,0,2
2411,MLT,2016,Summer,0,8
2412,MNE,2008,Summer,0,8
2413,MNE,2010,Winter,0,2
2414,MNE,2012,Summer,0,9
2415,MNE,2014,Winter,0,3
2416,MNE,2016,Summer,0,9
2417,MON,1920,Summer,0,7
2418,MON,1924,Summer,0,9
2419,MON,1928,Summer,0,8
2420,MON,1932,Summer,0,1
2421,MON,1936,Summer,0,11
2422,MON,1948,Summer,0,4
2423,MON,1952,Summer,0,9
2424,MON,1960,Summer,0,13
2425,MON,1964,Summer,0,1
2426,MON,1968,Summer,0,2
2427,MON,1972,Summer,0,5
2428,MON,1976,Summer,0,10
2429,MON,1984,Summer,0,8
2430,MON,1984,Winter,0,2
2431,MON,1988,Summer,0,9
2432,MON,1988,Winter,0,3
2433,MON,1992,Summer,0,4
2434,MON,1992,Winter,0,2
2435,MON,1994,Winter,0,3
2436,MON,1996,Summer,0,4
2437,MON,1998,Winter,0,2
2438,MON,2000,Summer,0,4
2439,MON,2002,Winter,0,2
2440,MON,2004,Summer,0,3
2441,MON,2006,Winter,0,9
2442,MON,2008,Summer,0,5
2443,MON,2010,Winter,0,5
2444,MON,2012,Summer,0,6
2445,MON,2014,Winter,0,10
2446,MON,2016,Summer,0,8
2447,MOZ,1980,Summer,0,16
2448,MOZ,1984,Summer,0,11
2449,MOZ,1988,Summer,0,12
2450,MOZ,1992,Summer,0,7
2451,MOZ,1996,Summer,0,3
2452,MOZ,2000,Summer,0,4
2453,MOZ,2004,Summer,0,4
2454,MOZ,2008,Summer,0,4
2455,MOZ,2012,Summer,0,6
2456,MOZ,2016,Summer,0,7
2457,MRI,1984,Summer,0,7
2458,MRI,1988,Summer,0,10
2459,MRI,1992,Summer,0,18
2460,MRI,1996,Summer,0,25
2461,MRI,2000,Summer,0,20
2462,MRI,2004,Summer,0,9
2463,MRI,2008,Summer,0,11
2464,MRI,2012,Summer,0,10
2465,MRI,2016,Summer,0,11
2466,MTN,1984,Summer,0,2
2467,MTN,1988,Summer,0,7
2468,MTN,1992,Summer,0,6
2469,MTN,1996,Summer,0,4
2470,MTN,2000,Summer,0,2
2471,MTN,2004,Summer,0,2
2472,MTN,2008,Summer,0,2
2473,MTN,2012,Summer,0,2
2474,MTN,2016,Summer,0,2
2475,MYA,1948,Summer,0,5
2476,MYA,1952,Summer,0,5
2477,MYA,1956,Summer,0,11
2478,MYA,1960,Summer,0,9
2479,MYA,1964,Summer,0,12
2480,MYA,1968,Summer,0,4
2481,MYA,1972,Summer,0,7
2482,MYA,1980,Summer,0,2
2483,MYA,1984,Summer,0,1
2484,MYA,1988,Summer,0,3
2485,MYA,1992,Summer,0,5
2486,MYA,1996,Summer,0,3
2487,MYA,2000,Summer,0,7
2488,MYA,2004,Summer,0,2
2489,MYA,2008,Summer,0,7
2490,MYA,2012,Summer,0,6
2491,MYA,2016,Summer,0,8
2492,NAM,1992,Summer,0,10
2493,NAM,1996,Summer,0,10
2494,NAM,2000,Summer,0,16
2495,NAM,2004,Summer,0,10
2496,NAM,2008,Summer,0,11
2497,NAM,2012,Summer,0,9
2498,NAM,2016,Summer,0,11
2499,NBO,1956,Summer,0,2
2500,NCA,1968,Summer,0,16
2501,NCA,1972,Summer,0,10
2502,NCA,1976,Summer,0,22
2503,NCA,1980,Summer,0,6
2504,NCA,1984,Summer,0,5
2505,NCA,1992,Summer,0,9
2506,NCA,1996,Summer,0,9
2507,NCA,2000,Summer,0,6
2508,NCA,2004,Summer,0,6
2509,NCA,2008,Summer,0,7
2510,NCA,2012,Summer,0,6
2511,NCA,2016,Summer,0,5
2512,NED,1900,Summer,0,61
2513,NED,1906,Summer,0,42
2514,NED,1908,Summer,0,149
2515,NED,1912,Summer,0,22
2516,NED,1920,Summer,0,124
2517,NED,1924,Summer,0,178
2518,NED,1928,Summer,1,298
2519,NED,1928,Winter,1,7
2520,NED,1932,Summer,0,71
2521,NED,1936,Summer,0,169
2522,NED,1936,Winter,0,18
2523,NED,1948,Summer,0,118
2524,NED,1948,Winter,0,15
2525,NED,1952,Summer,0,116
2526,NED,1952,Winter,0,23
2527,NED,1956,Summer,0,1
2528,NED,1956,Winter,0,16
2529,NED,1960,Summer,0,103
2530,NED,1960,Winter,0,13
2531,NED,1964,Summer,0,86
2532,NED,1964,Winter,0,12
2533,NED,1968,Summer,0,86
2534,NED,1968,Winter,0,26
2535,NED,1972,Summer,0,136
2536,NED,1972,Winter,0,26
2537,NED,1976,Summer,0,112
2538,NED,1976,Winter,0,23
2539,NED,1980,Summer,0,78
2540,NED,1980,Winter,0,28
2541,NED,1984,Summer,0,113
2542,NED,1984,Winter,0,28
2543,NED,1988,Summer,0,120
2544,NED,1988,Winter,0,25
2545,NED,1992,Summer,0,152
2546,NED,1992,Winter,0,37
2547,NED,1994,Winter,0,39
2548,NED,1996,Summer,0,153
2549,NED,1998,Winter,0,45
2550,NED,2000,Summer,0,156
2551,NED,2002,Winter,0,42
2552,NED,2004,Summer,0,156
2553,NED,2006,Winter,0,48
2554,NED,2008,Summer,0,149
2555,NED,2010,Winter,0,53
2556,NED,2012,Summer,0,145
2557,NED,2014,Winter,0,66
2558,NED,2016,Summer,0,210
2559,NEP,1924,Winter,0,1
2560,NEP,1964,Summer,0,6
2561,NEP,1972,Summer,0,2
2562,NEP,1976,Summer,0,1
2563,NEP,1980,Summer,0,10
2564,NEP,1984,Summer,0,10
2565,NEP,1988,Summer,0,20
2566,NEP,1992,Summer,0,2
2567,NEP,1996,Summer,0,6
2568,NEP,2000,Summer,0,5
2569,NEP,2002,Winter,0,2
2570,NEP,2004,Summer,0,6
2571,NEP,2006,Winter,0,1
2572,NEP,2008,Summer,0,8
2573,NEP,2010,Winter,0,1
2574,NEP,2012,Summer,0,5
2575,NEP,2014,Winter,0,1
2576,NEP,2016,Summer,0,7
2577,NFL,1904,Summer,0,1
2578,NGR,1952,Summer,0,12
2579,NGR,1956,Summer,0,11
2580,NGR,1960,Summer,0,12
2581,NGR,1964,Summer,0,15
2582,NGR,1968,Summer,0,22
2583,NGR,1972,Summer,0,26
2584,NGR,1980,Summer,0,31
2585,NGR,1984,Summer,0,29
2586,NGR,1988,Summer,0,54
2587,NGR,1992,Summer,0,43
2588,NGR,1996,Summer,0,54
2589,NGR,2000,Summer,0,51
2590,NGR,2004,Summer,0,46
2591,NGR,2008,Summer,0,46
2592,NGR,2012,Summer,0,50
2593,NGR,2016,Summer,0,55
2594,NIG,1964,Summer,0,1
2595,NIG,1968,Summer,0,2
2596,NIG,1972,Summer,0,4
2597,NIG,1984,Summer,0,4
2598,NIG,1988,Summer,0,6
2599,NIG,1992,Summer,0,3
2600,NIG,1996,Summer,0,3
2601,NIG,2000,Summer,0,4
2602,NIG,2004,Summer,0,4
2603,NIG,2008,Summer,0,4
2604,NIG,2012,Summer,0,6
2605,NIG,2016,Summer,0,6
2606,NOR,1900,Summer,0,25
2607,NOR,1904,Summer,0,6
2608,NOR,1906,Summer,0,32
2609,NOR,1908,Summer,0,64
2610,NOR,1912,Summer,0,163
2611,NOR,1920,Summer,0,178
2612,NOR,1924,Summer,0,81
2613,NOR,1924,Winter,0,36
2614,NOR,1928,Summer,0,69
2615,NOR,1928,Winter,0,34
2616,NOR,1932,Summer,0,8
2617,NOR,1932,Winter,0,33
2618,NOR,1936,Summer,0,63
2619,NOR,1936,Winter,0,44
2620,NOR,1948,Summer,0,83
2621,NOR,1948,Winter,0,62
2622,NOR,1952,Summer,1,159
2623,NOR,1952,Winter,1,72
2624,NOR,1956,Summer,0,27
2625,NOR,1956,Winter,0,66
2626,NOR,1960,Summer,0,48
2627,NOR,1960,Winter,0,52
2628,NOR,1964,Summer,0,38
2629,NOR,1964,Winter,0,70
2630,NOR,1968,Summer,0,73
2631,NOR,1968,Winter,0,83
2632,NOR,1972,Summer,0,120
2633,NOR,1972,Winter,0,88
2634,NOR,1976,Summer,0,57
2635,NOR,1976,Winter,0,69
2636,NOR,1980,Winter,0,73
2637,NOR,1984,Summer,0,102
2638,NOR,1984,Winter,0,69
2639,NOR,1988,Summer,0,60
2640,NOR,1988,Winter,0,79
2641,NOR,1992,Summer,0,82
2642,NOR,1992,Winter,0,117
2643,NOR,1994,Winter,1,117
2644,NOR,1996,Summer,0,78
2645,NOR,1998,Winter,0,129
2646,NOR,2000,Summer,0,72
2647,NOR,2002,Winter,0,144
2648,NOR,2004,Summer,0,50
2649,NOR,2006,Winter,0,138
2650,NOR,2008,Summer,0,66
2651,NOR,2010,Winter,0,146
2652,NOR,2012,Summer,0,54
2653,NOR,2014,Winter,0,167
2654,NOR,2016,Summer,0,64
2655,NRU,1996,Summer,0,3
2656,NRU,2000,Summer,0,2
2657,NRU,2004,Summer,0,3
2658,NRU,2008,Summer,0,1
2659,NRU,2012,Summer,0,2
2660,NRU,2016,Summer,0,2
2661,NZL,1900,Summer,0,1
2662,NZL,1920,Summer,0,6
2663,NZL,1924,Summer,0,6
2664,NZL,1928,Summer,0,13
2665,NZL,1932,Summer,0,25
2666,NZL,1936,Summer,0,9
2667,NZL,1948,Summer,0,8
2668,NZL,1952,Summer,0,16
2669,NZL,1952,Winter,0,6
2670,NZL,1956,Summer,0,36
2671,NZL,1960,Summer,0,33
2672,NZL,1960,Winter,0,12
2673,NZL,1964,Summer,0,65
2674,NZL,1968,Summer,0,42
2675,NZL,1968,Winter,0,15
2676,NZL,1972,Summer,0,86
2677,NZL,1972,Winter,0,6
2678,NZL,1976,Summer,0,74
2679,NZL,1976,Winter,0,13
2680,NZL,1980,Summer,0,5
2681,NZL,1980,Winter,0,11
2682,NZL,1984,Summer,0,109
2683,NZL,1984,Winter,0,9
2684,NZL,1988,Summer,0,80
2685,NZL,1988,Winter,0,13
2686,NZL,1992,Summer,0,109
2687,NZL,1992,Winter,0,7
2688,NZL,1994,Winter,0,13
2689,NZL,1996,Summer,0,100
2690,NZL,1998,Winter,0,8
2691,NZL,2000,Summer,0,135
2692,NZL,2002,Winter,0,12
2693,NZL,2004,Summer,0,127
2694,NZL,2006,Winter,0,17
2695,NZL,2008,Summer,0,113
2696,NZL,2010,Winter,0,22
2697,NZL,2012,Summer,0,113
2698,NZL,2014,Winter,0,18
2699,NZL,2016,Summer,0,143
2700,OMA,1984,Summer,0,19
2701,OMA,1988,Summer,0,10
2702,OMA,1992,Summer,0,5
2703,OMA,1996,Summer,0,5
2704,OMA,2000,Summer,0,5
2705,OMA,2004,Summer,0,2
2706,OMA,2008,Summer,0,4
2707,OMA,2012,Summer,0,3
2708,OMA,2016,Summer,0,4
2709,PAK,1948,Summer,0,23
2710,PAK,1952,Summer,0,34
2711,PAK,1956,Summer,0,57
2712,PAK,1960,Summer,0,38
2713,PAK,1964,Summer,0,29
2714,PAK,1968,Summer,0,3
2715,PAK,1972,Summer,0,12
2716,PAK,1976,Summer,0,9
2717,PAK,1984,Summer,0,17
2718,PAK,1988,Summer,0,15
2719,PAK,1992,Summer,0,12
2720,PAK,1996,Summer,0,9
2721,PAK,2000,Summer,0,12
2722,PAK,2004,Summer,0,11
2723,PAK,2008,Summer,0,7
2724,PAK,2010,Winter,0,1
2725,PAK,2012,Summer,0,6
2726,PAK,2014,Winter,0,1
2727,PAK,2016,Summer,0,7
2728,PAN,1928,Summer,0,2
2729,PAN,1948,Summer,0,2
2730,PAN,1952,Summer,0,1
2731,PAN,1960,Summer,0,5
2732,PAN,1964,Summer,0,12
2733,PAN,1968,Summer,0,16
2734,PAN,1972,Summer,0,8
2735,PAN,1976,Summer,0,13
2736,PAN,1984,Summer,0,10
2737,PAN,1988,Summer,0,9
2738,PAN,1992,Summer,0,7
2739,PAN,1996,Summer,0,9
2740,PAN,2000,Summer,0,7
2741,PAN,2004,Summer,0,5
2742,PAN,2008,Summer,0,5
2743,PAN,2012,Summer,0,8
2744,PAN,2016,Summer,0,14
2745,PAR,1968,Summer,0,1
2746,PAR,1972,Summer,0,3
2747,PAR,1976,Summer,0,6
2748,PAR,1984,Summer,0,18
2749,PAR,1988,Summer,0,12
2750,PAR,1992,Summer,0,14
2751,PAR,1996,Summer,0,7
2752,PAR,2000,Summer,0,5
2753,PAR,2004,Summer,0,6
2754,PAR,2008,Summer,0,7
2755,PAR,2012,Summer,0,10
2756,PAR,2014,Winter,0,1
2757,PAR,2016,Summer,0,11
2758,PER,1900,Summer,0,2
2759,PER,1932,Summer,0,3
2760,PER,1936,Summer,0,32
2761,PER,1948,Summer,0,47
2762,PER,1956,Summer,0,10
2763,PER,1960,Summer,0,15
2764,PER,1964,Summer,0,37
2765,PER,1968,Summer,0,25
2766,PER,1972,Summer,0,28
2767,PER,1976,Summer,0,3
2768,PER,1980,Summer,0,29
2769,PER,1984,Summer,0,34
2770,PER,1988,Summer,0,15
2771,PER,1992,Summer,0,19
2772,PER,1996,Summer,0,23
2773,PER,2000,Summer,0,12
2774,PER,2004,Summer,0,14
2775,PER,2008,Summer,0,13
2776,PER,2010,Winter,0,5
2777,PER,2012,Summer,0,16
2778,PER,2014,Winter,0,5
2779,PER,2016,Summer,0,34
2780,PHI,1924,Summer,0,2
2781,PHI,1928,Summer,0,6
2782,PHI,1932,Summer,0,8
2783,PHI,1936,Summer,0,37
2784,PHI,1948,Summer,0,31
2785,PHI,1952,Summer,0,28
2786,PHI,1956,Summer,0,45
2787,PHI,1960,Summer,0,43
2788,PHI,1964,Summer,0,61
2789,PHI,1968,Summer,0,80
2790,PHI,1972,Summer,0,67
2791,PHI,1972,Winter,0,4
2792,PHI,1976,Summer,0,21
2793,PHI,1984,Summer,0,32
2794,PHI,1988,Summer,0,42
2795,PHI,1988,Winter,0,1
2796,PHI,1992,Summer,0,35
2797,PHI,1992,Winter,0,2
2798,PHI,1996,Summer,0,18
2799,PHI,2000,Summer,0,22
2800,PHI,2004,Summer,0,21
2801,PHI,2008,Summer,0,17
2802,PHI,2012,Summer,0,11
2803,PHI,2014,Winter,0,1
2804,PHI,2016,Summer,0,13
2805,PLE,1996,Summer,0,1
2806,PLE,2000,Summer,0,2
2807,PLE,2004,Summer,0,3
2808,PLE,2008,Summer,0,4
2809,PLE,2012,Summer,0,5
2810,PLE,2016,Summer,0,6
2811,PLW,2000,Summer,0,5
2812,PLW,2004,Summer,0,4
2813,PLW,2008,Summer,0,5
2814,PLW,2012,Summer,0,5
2815,PLW,2016,Summer,0,6
2816,PNG,1976,Summer,0,9
2817,PNG,1984,Summer,0,12
2818,PNG,1988,Summer,0,15
2819,PNG,1992,Summer,0,16
2820,PNG,1996,Summer,0,11
2821,PNG,2000,Summer,0,5
2822,PNG,2004,Summer,0,6
2823,PNG,2008,Summer,0,9
2824,PNG,2012,Summer,0,8
2825,PNG,2016,Summer,0,8
2826,POL,1912,Summer,0,1
2827,POL,1924,Summer,0,65
2828,POL,1924,Winter,0,15
2829,POL,1928,Summer,0,124
2830,POL,1928,Winter,0,16
2831,POL,1932,Summer,0,62
2832,POL,1932,Winter,0,13
2833,POL,1936,Summer,0,126
2834,POL,1936,Winter,0,19
2835,POL,1948,Summer,0,42
2836,POL,1948,Winter,0,25
2837,POL,1952,Summer,0,180
2838,POL,1952,Winter,0,27
2839,POL,1956,Summer,0,92
2840,POL,1956,Winter,0,42
2841,POL,1960,Summer,0,228
2842,POL,1960,Winter,0,23
2843,POL,1964,Summer,0,188
2844,POL,1964,Winter,0,62
2845,POL,1968,Summer,0,226
2846,POL,1968,Winter,0,44
2847,POL,1972,Summer,0,292
2848,POL,1972,Winter,0,40
2849,POL,1976,Summer,0,201
2850,POL,1976,Winter,0,64
2851,POL,1980,Summer,0,299
2852,POL,1980,Winter,0,20
2853,POL,1984,Winter,0,23
2854,POL,1988,Summer,0,145
2855,POL,1988,Winter,0,22
2856,POL,1992,Summer,0,198
2857,POL,1992,Winter,0,67
2858,POL,1994,Winter,0,49
2859,POL,1996,Summer,0,161
2860,POL,1998,Winter,0,63
2861,POL,2000,Summer,0,180
2862,POL,2002,Winter,0,45
2863,POL,2004,Summer,0,180
2864,POL,2006,Winter,0,77
2865,POL,2008,Summer,0,223
2866,POL,2010,Winter,0,89
2867,POL,2012,Summer,0,199
2868,POL,2014,Winter,0,116
2869,POL,2016,Summer,0,215
2870,POR,1912,Summer,0,8
2871,POR,1920,Summer,0,14
2872,POR,1924,Summer,0,33
2873,POR,1928,Summer,0,21
2874,POR,1932,Summer,0,8
2875,POR,1936,Summer,0,19
2876,POR,1948,Summer,0,47
2877,POR,1952,Summer,0,122
2878,POR,1952,Winter,0,1
2879,POR,1956,Summer,0,13
2880,POR,1960,Summer,0,85
2881,POR,1964,Summer,0,24
2882,POR,1968,Summer,0,28
2883,POR,1972,Summer,0,35
2884,POR,1976,Summer,0,29
2885,POR,1980,Summer,0,18
2886,POR,1984,Summer,0,45
2887,POR,1988,Summer,0,80
2888,POR,1988,Winter,0,2
2889,POR,1992,Summer,0,94
2890,POR,1994,Winter,0,4
2891,POR,1996,Summer,0,98
2892,POR,1998,Winter,0,2
2893,POR,2000,Summer,0,60
2894,POR,2004,Summer,0,72
2895,POR,2006,Winter,0,1
2896,POR,2008,Summer,0,82
2897,POR,2010,Winter,0,1
2898,POR,2012,Summer,0,89
2899,POR,2014,Winter,0,4
2900,POR,2016,Summer,0,83
2901,PRK,1964,Winter,0,20
2902,PRK,1972,Summer,0,65
2903,PRK,1972,Winter,0,10
2904,PRK,1976,Summer,0,26
2905,PRK,1980,Summer,0,111
2906,PRK,1984,Winter,0,17
2907,PRK,1988,Winter,0,15
2908,PRK,1992,Summer,0,110
2909,PRK,1992,Winter,0,36
2910,PRK,1996,Summer,0,32
2911,PRK,1998,Winter,0,14
2912,PRK,2000,Summer,0,47
2913,PRK,2004,Summer,0,65
2914,PRK,2006,Winter,0,7
2915,PRK,2008,Summer,0,53
2916,PRK,2010,Winter,0,3
2917,PRK,2012,Summer,0,36
2918,PRK,2016,Summer,0,35
2919,PUR,1948,Summer,0,9
2920,PUR,1952,Summer,0,23
2921,PUR,1956,Summer,0,11
2922,PUR,1960,Summer,0,26
2923,PUR,1964,Summer,0,45
2924,PUR,1968,Summer,0,86
2925,PUR,1972,Summer,0,55
2926,PUR,1976,Summer,0,95
2927,PUR,1980,Summer,0,3
2928,PUR,1984,Summer,0,52
2929,PUR,1984,Winter,0,1
2930,PUR,1988,Summer,0,56
2931,PUR,1988,Winter,0,17
2932,PUR,1992,Summer,0,72
2933,PUR,1992,Winter,0,3
2934,PUR,1994,Winter,0,2
2935,PUR,1996,Summer,0,71
2936,PUR,1998,Winter,0,3
2937,PUR,2000,Summer,0,32
2938,PUR,2004,Summer,0,51
2939,PUR,2008,Summer,0,31
2940,PUR,2012,Summer,0,28
2941,PUR,2016,Summer,0,30
2942,QAT,1984,Summer,0,10
2943,QAT,1988,Summer,0,10
2944,QAT,1992,Summer,0,11
2945,QAT,1996,Summer,0,10
2946,QAT,2000,Summer,0,16
2947,QAT,2004,Summer,0,15
2948,QAT,2008,Summer,0,20
2949,QAT,2012,Summer,0,14
2950,QAT,2016,Summer,0,24
2951,RHO,1960,Summer,0,11
2952,ROT,2016,Summer,0,12
2953,ROU,1900,Summer,0,1
2954,ROU,1924,Summer,0,15
2955,ROU,1928,Summer,0,25
2956,ROU,1928,Winter,0,1
2957,ROU,1932,Summer,0,2
2958,ROU,1932,Winter,0,2
2959,ROU,1936,Summer,0,92
2960,ROU,1936,Winter,0,13
2961,ROU,1948,Winter,0,14
2962,ROU,1952,Summer,0,190
2963,ROU,1952,Winter,0,22
2964,ROU,1956,Summer,0,76
2965,ROU,1956,Winter,0,23
2966,ROU,1960,Summer,0,114
2967,ROU,1964,Summer,0,154
2968,ROU,1964,Winter,0,9
2969,ROU,1968,Summer,0,79
2970,ROU,1968,Winter,0,15
2971,ROU,1972,Summer,0,188
2972,ROU,1972,Winter,0,14
2973,ROU,1976,Summer,0,180
2974,ROU,1976,Winter,0,13
2975,ROU,1980,Summer,0,241
2976,ROU,1980,Winter,0,12
2977,ROU,1984,Summer,0,151
2978,ROU,1984,Winter,0,25
2979,ROU,1988,Summer,0,147
2980,ROU,1988,Winter,0,16
2981,ROU,1992,Summer,0,238
2982,ROU,1992,Winter,0,53
2983,ROU,1994,Winter,0,40
2984,ROU,1996,Summer,0,231
2985,ROU,1998,Winter,0,22
2986,ROU,2000,Summer,0,200
2987,ROU,2002,Winter,0,33
2988,ROU,2004,Summer,0,165
2989,ROU,2006,Winter,0,40
2990,ROU,2008,Summer,0,141
2991,ROU,2010,Winter,0,37
2992,ROU,2012,Summer,0,118
2993,ROU,2014,Winter,0,33
2994,ROU,2016,Summer,0,89
2995,RSA,1904,Summer,0,4
2996,RSA,1908,Summer,0,32
2997,RSA,1912,Summer,0,45
2998,RSA,1920,Summer,0,61
2999,RSA,1924,Summer,0,36
3000,RSA,1928,Summer,0,37
3001,RSA,1932,Summer,0,19
3002,RSA,1936,Summer,0,48
3003,RSA,1948,Summer,0,38
3004,RSA,1952,Summer,0,88
3005,RSA,1956,Summer,0,75
3006,RSA,1960,Summer,0,54
3007,RSA,1960,Winter,0,4
3008,RSA,1992,Summer,0,121
3009,RSA,1994,Winter,0,3
3010,RSA,1996,Summer,0,83
3011,RSA,1998,Winter,0,3
3012,RSA,2000,Summer,0,89
3013,RSA,2002,Winter,0,4
3014,RSA,2004,Summer,0,82
3015,RSA,2006,Winter,0,9
3016,RSA,2008,Summer,0,114
3017,RSA,2010,Winter,0,2
3018,RSA,2012,Summer,0,79
3019,RSA,2016,Summer,0,101
3020,RUS,1900,Summer,0,5
3021,RUS,1908,Summer,0,7
3022,RUS,1912,Summer,0,207
3023,RUS,1924,Summer,0,3
3024,RUS,1994,Winter,0,157
3025,RUS,1996,Summer,0,418
3026,RUS,1998,Winter,0,149
3027,RUS,2000,Summer,0,451
3028,RUS,2002,Winter,0,176
3029,RUS,2004,Summer,0,447
3030,RUS,2006,Winter,0,198
3031,RUS,2008,Summer,0,457
3032,RUS,2010,Winter,0,198
3033,RUS,2012,Summer,0,409
3034,RUS,2014,Winter,1,246
3035,RUS,2016,Summer,0,282
3036,RWA,1984,Summer,0,6
3037,RWA,1988,Summer,0,8
3038,RWA,1992,Summer,0,10
3039,RWA,1996,Summer,0,4
3040,RWA,2000,Summer,0,5
3041,RWA,2004,Summer,0,5
3042,RWA,2008,Summer,0,4
3043,RWA,2012,Summer,0,7
3044,RWA,2016,Summer,0,7
3045,SAA,1952,Summer,0,73
3046,SAM,1984,Summer,0,9
3047,SAM,1988,Summer,0,11
3048,SAM,1992,Summer,0,5
3049,SAM,1996,Summer,0,5
3050,SAM,2000,Summer,0,5
3051,SAM,2004,Summer,0,3
3052,SAM,2008,Summer,0,7
3053,SAM,2012,Summer,0,9
3054,SAM,2016,Summer,0,9
3055,SCG,1996,Summer,0,55
3056,SCG,1998,Winter,0,2
3057,SCG,2000,Summer,0,69
3058,SCG,2002,Winter,0,5
3059,SCG,2004,Summer,0,52
3060,SCG,2006,Winter,0,11
3061,SEN,1964,Summer,0,8
3062,SEN,1968,Summer,0,21
3063,SEN,1972,Summer,0,34
3064,SEN,1976,Summer,0,30
3065,SEN,1980,Summer,0,36
3066,SEN,1984,Summer,0,22
3067,SEN,1984,Winter,0,2
3068,SEN,1988,Summer,0,29
3069,SEN,1992,Summer,0,22
3070,SEN,1992,Winter,0,10
3071,SEN,1994,Winter,0,1
3072,SEN,1996,Summer,0,9
3073,SEN,2000,Summer,0,26
3074,SEN,2004,Summer,0,18
3075,SEN,2006,Winter,0,3
3076,SEN,2008,Summer,0,17
3077,SEN,2010,Winter,0,2
3078,SEN,2012,Summer,0,16
3079,SEN,2016,Summer,0,22
3080,SEY,1980,Summer,0,15
3081,SEY,1984,Summer,0,15
3082,SEY,1992,Summer,0,21
3083,SEY,1996,Summer,0,9
3084,SEY,2000,Summer,0,9
3085,SEY,2004,Summer,0,10
3086,SEY,2008,Summer,0,9
3087,SEY,2012,Summer,0,6
3088,SEY,2016,Summer,0,10
3089,SGP,1948,Summer,0,1
3090,SGP,1952,Summer,0,7
3091,SGP,1956,Summer,0,27
3092,SGP,1960,Summer,0,5
3093,SGP,1968,Summer,0,6
3094,SGP,1972,Summer,0,12
3095,SGP,1976,Summer,0,4
3096,SGP,1984,Summer,0,8
3097,SGP,1988,Summer,0,20
3098,SGP,1992,Summer,0,35
3099,SGP,1996,Summer,0,28
3100,SGP,2000,Summer,0,21
3101,SGP,2004,Summer,0,19
3102,SGP,2008,Summer,0,28
3103,SGP,2012,Summer,0,31
3104,SGP,2016,Summer,0,29
3105,SKN,1996,Summer,0,5
3106,SKN,2000,Summer,0,4
3107,SKN,2004,Summer,0,2
3108,SKN,2008,Summer,0,6
3109,SKN,2012,Summer,0,4
3110,SKN,2016,Summer,0,6
3111,SLE,1968,Summer,0,4
3112,SLE,1980,Summer,0,26
3113,SLE,1984,Summer,0,7
3114,SLE,1988,Summer,0,14
3115,SLE,1992,Summer,0,12
3116,SLE,1996,Summer,0,10
3117,SLE,2000,Summer,0,3
3118,SLE,2004,Summer,0,2
3119,SLE,2008,Summer,0,3
3120,SLE,2012,Summer,0,2
3121,SLE,2016,Summer,0,4
3122,SLO,1992,Summer,0,41
3123,SLO,1992,Winter,0,55
3124,SLO,1994,Winter,0,53
3125,SLO,1996,Summer,0,40
3126,SLO,1998,Winter,0,60
3127,SLO,2000,Summer,0,61
3128,SLO,2002,Winter,0,84
3129,SLO,2004,Summer,0,74
3130,SLO,2006,Winter,0,85
3131,SLO,2008,Summer,0,68
3132,SLO,2010,Winter,0,94
3133,SLO,2012,Summer,0,72
3134,SLO,2014,Winter,0,85
3135,SLO,2016,Summer,0,49
3136,SMR,1960,Summer,0,10
3137,SMR,1968,Summer,0,4
3138,SMR,1972,Summer,0,7
3139,SMR,1976,Summer,0,10
3140,SMR,1976,Winter,0,3
3141,SMR,1980,Summer,0,16
3142,SMR,1984,Summer,0,31
3143,SMR,1984,Winter,0,6
3144,SMR,1988,Summer,0,15
3145,SMR,1988,Winter,0,12
3146,SMR,1992,Summer,0,16
3147,SMR,1992,Winter,0,8
3148,SMR,1994,Winter,0,2
3149,SMR,1996,Summer,0,7
3150,SMR,2000,Summer,0,4
3151,SMR,2002,Winter,0,1
3152,SMR,2004,Summer,0,5
3153,SMR,2006,Winter,0,1
3154,SMR,2008,Summer,0,4
3155,SMR,2010,Winter,0,1
3156,SMR,2012,Summer,0,4
3157,SMR,2014,Winter,0,2
3158,SMR,2016,Summer,0,4
3159,SOL,1984,Summer,0,3
3160,SOL,1988,Summer,0,5
3161,SOL,1992,Summer,0,1
3162,SOL,1996,Summer,0,4
3163,SOL,2000,Summer,0,2
3164,SOL,2004,Summer,0,2
3165,SOL,2008,Summer,0,3
3166,SOL,2012,Summer,0,4
3167,SOL,2016,Summer,0,3
3168,SOM,1972,Summer,0,4
3169,SOM,1984,Summer,0,9
3170,SOM,1988,Summer,0,5
3171,SOM,1996,Summer,0,4
3172,SOM,2000,Summer,0,2
3173,SOM,2004,Summer,0,2
3174,SOM,2008,Summer,0,2
3175,SOM,2012,Summer,0,2
3176,SOM,2016,Summer,0,2
3177,SRB,1912,Summer,0,2
3178,SRB,2008,Summer,0,49
3179,SRB,2010,Winter,0,12
3180,SRB,2012,Summer,0,69
3181,SRB,2014,Winter,0,16
3182,SRB,2016,Summer,0,93
3183,SRI,1948,Summer,0,10
3184,SRI,1952,Summer,0,7
3185,SRI,1956,Summer,0,3
3186,SRI,1960,Summer,0,5
3187,SRI,1964,Summer,0,7
3188,SRI,1968,Summer,0,3
3189,SRI,1972,Summer,0,6
3190,SRI,1980,Summer,0,1
3191,SRI,1984,Summer,0,5
3192,SRI,1988,Summer,0,9
3193,SRI,1992,Summer,0,16
3194,SRI,1996,Summer,0,11
3195,SRI,2000,Summer,0,17
3196,SRI,2004,Summer,0,8
3197,SRI,2008,Summer,0,9
3198,SRI,2012,Summer,0,8
3199,SRI,2016,Summer,0,10
3200,SSD,2016,Summer,0,3
3201,STP,1996,Summer,0,2
3202,STP,2000,Summer,0,2
3203,STP,2004,Summer,0,2
3204,STP,2008,Summer,0,4
3205,STP,2012,Summer,0,2
3206,STP,2016,Summer,0,3
3207,SUD,1960,Summer,0,13
3208,SUD,1968,Summer,0,7
3209,SUD,1972,Summer,0,15
3210,SUD,1984,Summer,0,9
3211,SUD,1988,Summer,0,8
3212,SUD,1992,Summer,0,7
3213,SUD,1996,Summer,0,4
3214,SUD,2000,Summer,0,3
3215,SUD,2004,Summer,0,4
3216,SUD,2008,Summer,0,9
3217,SUD,2012,Summer,0,6
3218,SUD,2016,Summer,0,6
3219,SUI,1896,Summer,0,8
3220,SUI,1900,Summer,0,44
3221,SUI,1904,Summer,0,7
3222,SUI,1906,Summer,0,41
3223,SUI,1908,Summer,0,1
3224,SUI,1912,Summer,0,7
3225,SUI,1920,Summer,0,70
3226,SUI,1924,Summer,0,195
3227,SUI,1924,Winter,0,22
3228,SUI,1928,Summer,1,170
3229,SUI,1928,Winter,1,23
3230,SUI,1932,Summer,0,9
3231,SUI,1932,Winter,0,8
3232,SUI,1936,Summer,0,251
3233,SUI,1936,Winter,0,18
3234,SUI,1948,Summer,1,230
3235,SUI,1948,Winter,1,70
3236,SUI,1952,Summer,0,200
3237,SUI,1952,Winter,0,47
3238,SUI,1956,Summer,0,12
3239,SUI,1956,Winter,0,51
3240,SUI,1960,Summer,0,167
3241,SUI,1960,Winter,0,37
3242,SUI,1964,Summer,0,108
3243,SUI,1964,Winter,0,72
3244,SUI,1968,Summer,0,128
3245,SUI,1968,Winter,0,49
3246,SUI,1972,Summer,0,214
3247,SUI,1972,Winter,0,49
3248,SUI,1976,Summer,0,88
3249,SUI,1976,Winter,0,56
3250,SUI,1980,Summer,0,52
3251,SUI,1980,Winter,0,60
3252,SUI,1984,Summer,0,184
3253,SUI,1984,Winter,0,63
3254,SUI,1988,Summer,0,126
3255,SUI,1988,Winter,0,84
3256,SUI,1992,Summer,0,147
3257,SUI,1992,Winter,0,90
3258,SUI,1994,Winter,0,88
3259,SUI,1996,Summer,0,130
3260,SUI,1998,Winter,0,96
3261,SUI,2000,Summer,0,119
3262,SUI,2002,Winter,0,120
3263,SUI,2004,Summer,0,116
3264,SUI,2006,Winter,0,113
3265,SUI,2008,Summer,0,101
3266,SUI,2010,Winter,0,133
3267,SUI,2012,Summer,0,94
3268,SUI,2014,Winter,0,157
3269,SUI,2016,Summer,0,123
3270,SUR,1968,Summer,0,1
3271,SUR,1972,Summer,0,3
3272,SUR,1976,Summer,0,4
3273,SUR,1984,Summer,0,7
3274,SUR,1988,Summer,0,10
3275,SUR,1992,Summer,0,9
3276,SUR,1996,Summer,0,11
3277,SUR,2000,Summer,0,5
3278,SUR,2004,Summer,0,4
3279,SUR,2008,Summer,0,4
3280,SUR,2012,Summer,0,5
3281,SUR,2016,Summer,0,6
3282,SVK,1994,Winter,0,39
3283,SVK,1996,Summer,0,89
3284,SVK,1998,Winter,0,38
3285,SVK,2000,Summer,0,88
3286,SVK,2002,Winter,0,49
3287,SVK,2004,Summer,0,72
3288,SVK,2006,Winter,0,80
3289,SVK,2008,Summer,0,61
3290,SVK,2010,Winter,0,54
3291,SVK,2012,Summer,0,57
3292,SVK,2014,Winter,0,71
3293,SVK,2016,Summer,0,57
3294,SWE,1896,Summer,0,5
3295,SWE,1900,Summer,0,25
3296,SWE,1906,Summer,0,85
3297,SWE,1908,Summer,0,180
3298,SWE,1912,Summer,1,551
3299,SWE,1920,Summer,0,265
3300,SWE,1924,Summer,0,179
3301,SWE,1924,Winter,0,32
3302,SWE,1928,Summer,0,117
3303,SWE,1928,Winter,0,19
3304,SWE,1932,Summer,0,119
3305,SWE,1932,Winter,0,18
3306,SWE,1936,Summer,0,177
3307,SWE,1936,Winter,0,23
3308,SWE,1948,Summer,0,166
3309,SWE,1948,Winter,0,52
3310,SWE,1952,Summer,0,277
3311,SWE,1952,Winter,0,65
3312,SWE,1956,Summer,1,152
3313,SWE,1956,Winter,1,62
3314,SWE,1960,Summer,0,213
3315,SWE,1960,Winter,0,51
3316,SWE,1964,Summer,0,143
3317,SWE,1964,Winter,0,75
3318,SWE,1968,Summer,0,154
3319,SWE,1968,Winter,0,80
3320,SWE,1972,Summer,0,130
3321,SWE,1972,Winter,0,70
3322,SWE,1976,Summer,0,131
3323,SWE,1976,Winter,0,64
3324,SWE,1980,Summer,0,150
3325,SWE,1980,Winter,0,76
3326,SWE,1984,Summer,0,188
3327,SWE,1984,Winter,0,66
3328,SWE,1988,Summer,0,158
3329,SWE,1988,Winter,0,92
3330,SWE,1992,Summer,0,169
3331,SWE,1992,Winter,0,100
3332,SWE,1994,Winter,0,110
3333,SWE,1996,Summer,0,148
3334,SWE,1998,Winter,0,94
3335,SWE,2000,Summer,0,128
3336,SWE,2002,Winter,0,108
3337,SWE,2004,Summer,0,110
3338,SWE,2006,Winter,0,115
3339,SWE,2008,Summer,0,106
3340,SWE,2010,Winter,0,116
3341,SWE,2012,Summer,0,102
3342,SWE,2014,Winter,0,96
3343,SWE,2016,Summer,0,104
3344,SWZ,1972,Summer,0,4
3345,SWZ,1984,Summer,0,11
3346,SWZ,1988,Summer,0,15
3347,SWZ,1992,Summer,0,10
3348,SWZ,1992,Winter,0,3
3349,SWZ,1996,Summer,0,6
3350,SWZ,2000,Summer,0,6
3351,SWZ,2004,Summer,0,3
3352,SWZ,2008,Summer,0,4
3353,SWZ,2012,Summer,0,3
3354,SWZ,2016,Summer,0,2
3355,SYR,1948,Summer,0,1
3356,SYR,1968,Summer,0,2
3357,SYR,1972,Summer,0,5
3358,SYR,1980,Summer,0,57
3359,SYR,1984,Summer,0,9
3360,SYR,1988,Summer,0,13
3361,SYR,1992,Summer,0,9
3362,SYR,1996,Summer,0,8
3363,SYR,2000,Summer,0,8
3364,SYR,2004,Summer,0,6
3365,SYR,2008,Summer,0,7
3366,SYR,2012,Summer,0,10
3367,SYR,2016,Summer,0,7
3368,TAN,1964,Summer,0,4
3369,TAN,1968,Summer,0,5
3370,TAN,1972,Summer,0,16
3371,TAN,1980,Summer,0,33
3372,TAN,1984,Summer,0,21
3373,TAN,1988,Summer,0,10
3374,TAN,1992,Summer,0,9
3375,TAN,1996,Summer,0,7
3376,TAN,2000,Summer,0,4
3377,TAN,2004,Summer,0,9
3378,TAN,2008,Summer,0,9
3379,TAN,2012,Summer,0,6
3380,TAN,2016,Summer,0,7
3381,TCH,1920,Summer,0,92
3382,TCH,1924,Summer,0,176
3383,TCH,1924,Winter,0,21
3384,TCH,1928,Summer,0,117
3385,TCH,1928,Winter,0,19
3386,TCH,1932,Summer,0,44
3387,TCH,1932,Winter,0,17
3388,TCH,1936,Summer,0,239
3389,TCH,1936,Winter,0,36
3390,TCH,1948,Summer,0,128
3391,TCH,1948,Winter,0,51
3392,TCH,1952,Summer,0,183
3393,TCH,1952,Winter,0,8
3394,TCH,1956,Summer,0,135
3395,TCH,1956,Winter,0,43
3396,TCH,1960,Summer,0,173
3397,TCH,1960,Winter,0,6
3398,TCH,1964,Summer,0,143
3399,TCH,1964,Winter,0,48
3400,TCH,1968,Summer,0,150
3401,TCH,1968,Winter,0,48
3402,TCH,1972,Summer,0,204
3403,TCH,1972,Winter,0,36
3404,TCH,1976,Summer,0,198
3405,TCH,1976,Winter,0,61
3406,TCH,1980,Summer,0,223
3407,TCH,1980,Winter,0,45
3408,TCH,1984,Winter,0,53
3409,TCH,1988,Summer,0,172
3410,TCH,1988,Winter,0,83
3411,TCH,1992,Summer,0,210
3412,TCH,1992,Winter,0,104
3413,TGA,1984,Summer,0,7
3414,TGA,1988,Summer,0,7
3415,TGA,1992,Summer,0,5
3416,TGA,1996,Summer,0,5
3417,TGA,2000,Summer,0,3
3418,TGA,2004,Summer,0,5
3419,TGA,2008,Summer,0,3
3420,TGA,2012,Summer,0,3
3421,TGA,2014,Winter,0,1
3422,TGA,2016,Summer,0,7
3423,THA,1952,Summer,0,12
3424,THA,1956,Summer,0,26
3425,THA,1960,Summer,0,20
3426,THA,1964,Summer,0,53
3427,THA,1968,Summer,0,27
3428,THA,1972,Summer,0,30
3429,THA,1976,Summer,0,48
3430,THA,1984,Summer,0,34
3431,THA,1988,Summer,0,12
3432,THA,1992,Summer,0,49
3433,THA,1996,Summer,0,45
3434,THA,2000,Summer,0,55
3435,THA,2002,Winter,0,2
3436,THA,2004,Summer,0,46
3437,THA,2006,Winter,0,1
3438,THA,2008,Summer,0,46
3439,THA,2012,Summer,0,41
3440,THA,2014,Winter,0,3
3441,THA,2016,Summer,0,55
3442,TJK,1996,Summer,0,8
3443,TJK,2000,Summer,0,4
3444,TJK,2002,Winter,0,2
3445,TJK,2004,Summer,0,9
3446,TJK,2006,Winter,0,3
3447,TJK,2008,Summer,0,16
3448,TJK,2010,Winter,0,4
3449,TJK,2012,Summer,0,16
3450,TJK,2014,Winter,0,1
3451,TJK,2016,Summer,0,7
3452,TKM,1996,Summer,0,7
3453,TKM,2000,Summer,0,8
3454,TKM,2004,Summer,0,10
3455,TKM,2008,Summer,0,10
3456,TKM,2012,Summer,0,10
3457,TKM,2016,Summer,0,9
3458,TLS,2004,Summer,0,2
3459,TLS,2008,Summer,0,1
3460,TLS,2012,Summer,0,2
3461,TLS,2014,Winter,0,1
3462,TLS,2016,Summer,0,3
3463,TOG,1972,Summer,0,7
3464,TOG,1984,Summer,0,6
3465,TOG,1988,Summer,0,6
3466,TOG,1992,Summer,0,6
3467,TOG,1996,Summer,0,4
3468,TOG,2000,Summer,0,3
3469,TOG,2004,Summer,0,3
3470,TOG,2008,Summer,0,4
3471,TOG,2012,Summer,0,6
3472,TOG,2014,Winter,0,3
3473,TOG,2016,Summer,0,5
3474,TPE,1956,Summer,0,23
3475,TPE,1960,Summer,0,19
3476,TPE,1964,Summer,0,88
3477,TPE,1968,Summer,0,87
3478,TPE,1972,Summer,0,41
3479,TPE,1972,Winter,0,9
3480,TPE,1976,Winter,0,10
3481,TPE,1984,Summer,0,51
3482,TPE,1984,Winter,0,14
3483,TPE,1988,Summer,0,103
3484,TPE,1988,Winter,0,16
3485,TPE,1992,Summer,0,17
3486,TPE,1992,Winter,0,7
3487,TPE,1994,Winter,0,1
3488,TPE,1996,Summer,0,73
3489,TPE,1998,Winter,0,5
3490,TPE,2000,Summer,0,67
3491,TPE,2002,Winter,0,3
3492,TPE,2004,Summer,0,59
3493,TPE,2006,Winter,0,1
3494,TPE,2008,Summer,0,48
3495,TPE,2010,Winter,0,1
3496,TPE,2012,Summer,0,47
3497,TPE,2014,Winter,0,5
3498,TPE,2016,Summer,0,57
3499,TTO,1948,Summer,0,9
3500,TTO,1952,Summer,0,2
3501,TTO,1956,Summer,0,10
3502,TTO,1964,Summer,0,14
3503,TTO,1968,Summer,0,16
3504,TTO,1972,Summer,0,25
3505,TTO,1976,Summer,0,14
3506,TTO,1980,Summer,0,9
3507,TTO,1984,Summer,0,17
3508,TTO,1988,Summer,0,10
3509,TTO,1992,Summer,0,10
3510,TTO,1994,Winter,0,1
3511,TTO,1996,Summer,0,16
3512,TTO,1998,Winter,0,1
3513,TTO,2000,Summer,0,22
3514,TTO,2002,Winter,0,1
3515,TTO,2004,Summer,0,20
3516,TTO,2008,Summer,0,25
3517,TTO,2012,Summer,0,29
3518,TTO,2016,Summer,0,34
3519,TUN,1960,Summer,0,39
3520,TUN,1964,Summer,0,12
3521,TUN,1968,Summer,0,8
3522,TUN,1972,Summer,0,12
3523,TUN,1976,Summer,0,5
3524,TUN,1984,Summer,0,17
3525,TUN,1988,Summer,0,15
3526,TUN,1992,Summer,0,14
3527,TUN,1996,Summer,0,25
3528,TUN,2000,Summer,0,34
3529,TUN,2004,Summer,0,38
3530,TUN,2008,Summer,0,29
3531,TUN,2012,Summer,0,62
3532,TUN,2016,Summer,0,50
3533,TUR,1906,Summer,0,2
3534,TUR,1912,Summer,0,7
3535,TUR,1924,Summer,0,13
3536,TUR,1928,Summer,0,21
3537,TUR,1932,Summer,0,2
3538,TUR,1936,Summer,0,42
3539,TUR,1936,Winter,0,7
3540,TUR,1948,Summer,0,59
3541,TUR,1948,Winter,0,10
3542,TUR,1952,Summer,0,47
3543,TUR,1956,Summer,0,24
3544,TUR,1956,Winter,0,10
3545,TUR,1960,Summer,0,43
3546,TUR,1960,Winter,0,6
3547,TUR,1964,Summer,0,24
3548,TUR,1964,Winter,0,12
3549,TUR,1968,Summer,0,30
3550,TUR,1968,Winter,0,17
3551,TUR,1972,Summer,0,47
3552,TUR,1976,Summer,0,28
3553,TUR,1976,Winter,0,16
3554,TUR,1984,Summer,0,56
3555,TUR,1984,Winter,0,11
3556,TUR,1988,Summer,0,47
3557,TUR,1988,Winter,0,19
3558,TUR,1992,Summer,0,50
3559,TUR,1992,Winter,0,17
3560,TUR,1994,Winter,0,1
3561,TUR,1996,Summer,0,58
3562,TUR,1998,Winter,0,1
3563,TUR,2000,Summer,0,63
3564,TUR,2002,Winter,0,5
3565,TUR,2004,Summer,0,71
3566,TUR,2006,Winter,0,16
3567,TUR,2008,Summer,0,70
3568,TUR,2010,Winter,0,9
3569,TUR,2012,Summer,0,104
3570,TUR,2014,Winter,0,11
3571,TUR,2016,Summer,0,115
3572,TUV,2008,Summer,0,3
3573,TUV,2012,Summer,0,3
3574,TUV,2016,Summer,0,1
3575,UAE,1984,Summer,0,8
3576,UAE,1988,Summer,0,24
3577,UAE,1992,Summer,0,24
3578,UAE,1996,Summer,0,4
3579,UAE,2000,Summer,0,5
3580,UAE,2004,Summer,0,5
3581,UAE,2008,Summer,0,9
3582,UAE,2012,Summer,0,9
3583,UAE,2016,Summer,0,12
3584,UAR,1960,Summer,0,86
3585,UGA,1956,Summer,0,5
3586,UGA,1960,Summer,0,13
3587,UGA,1964,Summer,0,16
3588,UGA,1968,Summer,0,14
3589,UGA,1972,Summer,0,19
3590,UGA,1980,Summer,0,13
3591,UGA,1984,Summer,0,27
3592,UGA,1988,Summer,0,24
3593,UGA,1992,Summer,0,9
3594,UGA,1996,Summer,0,11
3595,UGA,2000,Summer,0,13
3596,UGA,2004,Summer,0,11
3597,UGA,2008,Summer,0,11
3598,UGA,2012,Summer,0,16
3599,UGA,2016,Summer,0,23
3600,UKR,1994,Winter,0,49
3601,UKR,1996,Summer,0,286
3602,UKR,1998,Winter,0,88
3603,UKR,2000,Summer,0,308
3604,UKR,2002,Winter,0,79
3605,UKR,2004,Summer,0,289
3606,UKR,2006,Winter,0,92
3607,UKR,2008,Summer,0,286
3608,UKR,2010,Winter,0,82
3609,UKR,2012,Summer,0,274
3610,UKR,2014,Winter,0,79
3611,UKR,2016,Summer,0,231
3612,UNK,1912,Summer,0,2
3613,URS,1952,Summer,0,358
3614,URS,1956,Summer,0,317
3615,URS,1956,Winter,0,60
3616,URS,1960,Summer,0,326
3617,URS,1960,Winter,0,70
3618,URS,1964,Summer,0,351
3619,URS,1964,Winter,0,86
3620,URS,1968,Summer,0,355
3621,URS,1968,Winter,0,96
3622,URS,1972,Summer,0,380
3623,URS,1972,Winter,0,88
3624,URS,1976,Summer,0,413
3625,URS,1976,Winter,0,92
3626,URS,1980,Summer,1,456
3627,URS,1980,Winter,1,98
3628,URS,1984,Winter,0,102
3629,URS,1988,Summer,0,450
3630,URS,1988,Winter,0,109
3631,URU,1924,Summer,0,20
3632,URU,1928,Summer,0,1
3633,URU,1932,Summer,0,6
3634,URU,1936,Summer,0,26
3635,URU,1948,Summer,0,58
3636,URU,1952,Summer,0,34
3637,URU,1956,Summer,0,23
3638,URU,1960,Summer,0,37
3639,URU,1964,Summer,0,23
3640,URU,1968,Summer,0,41
3641,URU,1972,Summer,0,17
3642,URU,1976,Summer,0,12
3643,URU,1984,Summer,0,23
3644,URU,1988,Summer,0,17
3645,URU,1992,Summer,0,18
3646,URU,1996,Summer,0,15
3647,URU,1998,Winter,0,1
3648,URU,2000,Summer,0,17
3649,URU,2004,Summer,0,18
3650,URU,2008,Summer,0,13
3651,URU,2012,Summer,0,12
3652,URU,2016,Summer,0,17
3653,USA,1896,Summer,0,27
3654,USA,1900,Summer,0,129
3655,USA,1904,Summer,1,853
3656,USA,1906,Summer,0,77
3657,USA,1908,Summer,0,194
3658,USA,1912,Summer,0,304
3659,USA,1920,Summer,0,330
3660,USA,1924,Summer,0,333
3661,USA,1924,Winter,0,33
3662,USA,1928,Summer,0,355
3663,USA,1928,Winter,0,36
3664,USA,1932,Summer,1,1342
3665,USA,1932,Winter,1,94
3666,USA,1936,Summer,0,372
3667,USA,1936,Winter,0,51
3668,USA,1948,Summer,0,321
3669,USA,1948,Winter,0,74
3670,USA,1952,Summer,0,351
3671,USA,1952,Winter,0,69
3672,USA,1956,Summer,0,338
3673,USA,1956,Winter,0,63
3674,USA,1960,Summer,1,330
3675,USA,1960,Winter,1,86
3676,USA,1964,Summer,0,364
3677,USA,1964,Winter,0,95
3678,USA,1968,Summer,0,401
3679,USA,1968,Winter,0,101
3680,USA,1972,Summer,0,435
3681,USA,1972,Winter,0,110
3682,USA,1976,Summer,0,445
3683,USA,1976,Winter,0,112
3684,USA,1980,Winter,1,115
3685,USA,1984,Summer,1,478
3686,USA,1984,Winter,1,115
3687,USA,1988,Summer,0,505
3688,USA,1988,Winter,0,149
3689,USA,1992,Summer,0,530
3690,USA,1992,Winter,0,180
3691,USA,1994,Winter,0,179
3692,USA,1996,Summer,1,555
3693,USA,1998,Winter,0,206
3694,USA,2000,Summer,0,532
3695,USA,2002,Winter,1,232
3696,USA,2004,Summer,0,519
3697,USA,2006,Winter,0,233
3698,USA,2008,Summer,0,515
3699,USA,2010,Winter,0,242
3700,USA,2012,Summer,0,490
3701,USA,2014,Winter,0,264
3702,USA,2016,Summer,0,497
3703,UZB,1994,Winter,0,7
3704,UZB,1996,Summer,0,78
3705,UZB,1998,Winter,0,4
3706,UZB,2000,Summer,0,73
3707,UZB,2002,Winter,0,6
3708,UZB,2004,Summer,0,74
3709,UZB,2006,Winter,0,4
3710,UZB,2008,Summer,0,69
3711,UZB,2010,Winter,0,5
3712,UZB,2012,Summer,0,56
3713,UZB,2014,Winter,0,5
3714,UZB,2016,Summer,0,79
3715,VAN,1988,Summer,0,6
3716,VAN,1992,Summer,0,8
3717,VAN,1996,Summer,0,4
3718,VAN,2000,Summer,0,3
3719,VAN,2004,Summer,0,2
3720,VAN,2008,Summer,0,3
3721,VAN,2012,Summer,0,5
3722,VAN,2016,Summer,0,4
3723,VEN,1932,Summer,0,1
3724,VEN,1948,Summer,0,2
3725,VEN,1952,Summer,0,50
3726,VEN,1956,Summer,0,27
3727,VEN,1960,Summer,0,40
3728,VEN,1964,Summer,0,19
3729,VEN,1968,Summer,0,24
3730,VEN,1972,Summer,0,27
3731,VEN,1976,Summer,0,41
3732,VEN,1980,Summer,0,25
3733,VEN,1984,Summer,0,35
3734,VEN,1988,Summer,0,18
3735,VEN,1992,Summer,0,28
3736,VEN,1996,Summer,0,44
3737,VEN,1998,Winter,0,1
3738,VEN,2000,Summer,0,56
3739,VEN,2002,Winter,0,4
3740,VEN,2004,Summer,0,52
3741,VEN,2006,Winter,0,1
3742,VEN,2008,Summer,0,88
3743,VEN,2012,Summer,0,74
3744,VEN,2014,Winter,0,1
3745,VEN,2016,Summer,0,96
3746,VIE,1980,Summer,0,35
3747,VIE,1988,Summer,0,12
3748,VIE,1992,Summer,0,10
3749,VIE,1996,Summer,0,6
3750,VIE,2000,Summer,0,7
3751,VIE,2004,Summer,0,11
3752,VIE,2008,Summer,0,18
3753,VIE,2012,Summer,0,24
3754,VIE,2016,Summer,0,28
3755,VIN,1988,Summer,0,6
3756,VIN,1992,Summer,0,5
3757,VIN,1996,Summer,0,6
3758,VIN,2000,Summer,0,4
3759,VIN,2004,Summer,0,3
3760,VIN,2008,Summer,0,2
3761,VIN,2012,Summer,0,3
3762,VIN,2016,Summer,0,4
3763,VNM,1952,Summer,0,10
3764,VNM,1956,Summer,0,7
3765,VNM,1960,Summer,0,5
3766,VNM,1964,Summer,0,20
3767,VNM,1968,Summer,0,9
3768,VNM,1972,Summer,0,2
3769,WIF,1960,Summer,0,16
3770,YAR,1984,Summer,0,3
3771,YAR,1988,Summer,0,8
3772,YEM,1992,Summer,0,8
3773,YEM,1996,Summer,0,4
3774,YEM,2000,Summer,0,2
3775,YEM,2004,Summer,0,3
3776,YEM,2008,Summer,0,8
3777,YEM,2012,Summer,0,4
3778,YEM,2016,Summer,0,3
3779,YMD,1988,Summer,0,5
3780,YUG,1920,Summer,0,1
3781,YUG,1924,Summer,0,93
3782,YUG,1924,Winter,0,7
3783,YUG,1928,Summer,0,66
3784,YUG,1928,Winter,0,8
3785,YUG,1932,Summer,0,1
3786,YUG,1936,Summer,0,133
3787,YUG,1936,Winter,0,21
3788,YUG,1948,Summer,0,110
3789,YUG,1948,Winter,0,27
3790,YUG,1952,Summer,0,151
3791,YUG,1952,Winter,0,9
3792,YUG,1956,Summer,0,17
3793,YUG,1956,Winter,0,31
3794,YUG,1960,Summer,0,140
3795,YUG,1964,Summer,0,90
3796,YUG,1964,Winter,0,35
3797,YUG,1968,Summer,0,107
3798,YUG,1968,Winter,0,29
3799,YUG,1972,Summer,0,162
3800,YUG,1972,Winter,0,12
3801,YUG,1976,Summer,0,72
3802,YUG,1976,Winter,0,24
3803,YUG,1980,Summer,0,105
3804,YUG,1980,Winter,0,27
3805,YUG,1984,Summer,1,92
3806,YUG,1984,Winter,1,77
3807,YUG,1988,Summer,0,113
3808,YUG,1988,Winter,0,45
3809,YUG,1992,Winter,0,51
3810,ZAM,1964,Summer,0,15
3811,ZAM,1968,Summer,0,7
3812,ZAM,1972,Summer,0,12
3813,ZAM,1980,Summer,0,27
3814,ZAM,1984,Summer,0,18
3815,ZAM,1988,Summer,0,13
3816,ZAM,1992,Summer,0,11
3817,ZAM,1996,Summer,0,8
3818,ZAM,2000,Summer,0,8
3819,ZAM,2004,Summer,0,6
3820,ZAM,2008,Summer,0,8
3821,ZAM,2012,Summer,0,7
3822,ZAM,2016,Summer,0,7
3823,ZIM,1928,Summer,0,2
3824,ZIM,1960,Summer,0,7
3825,ZIM,1964,Summer,0,18
3826,ZIM,1980,Summer,0,37
3827,ZIM,1984,Summer,0,20
3828,ZIM,1988,Summer,0,44
3829,ZIM,1992,Summer,0,27
3830,ZIM,1996,Summer,0,17
3831,ZIM,2000,Summer,0,22
3832,ZIM,2004,Summer,0,13
3833,ZIM,2008,Summer,0,16
3834,ZIM,2012,Summer,0,9
3835,ZIM,2014,Winter,0,2
3836,ZIM,2016,Summer,0,15
